case,triangle,x0,y0,x1,y1,x2,y2,r,g,b
large,0,61.1467705,71.6800003,972.799988,163.839996,122.879997,942.080017,0.100000001,0.200000003,0.300000012
large,1,47.070961,71.6800003,122.879997,942.080017,972.799988,163.839996,0.170000002,0.200000003,0.300000012
large,2,25.6034775,71.6800003,972.799988,163.839996,122.879997,942.080017,0.24000001,0.200000003,0.300000012
large,3,79.2676544,71.6800003,122.879997,942.080017,972.799988,163.839996,0.310000002,0.200000003,0.300000012
large,4,74.0590439,71.6800003,972.799988,163.839996,122.879997,942.080017,0.379999995,0.200000003,0.300000012
large,5,80.4762421,71.6800003,122.879997,942.080017,972.799988,163.839996,0.449999988,0.200000003,0.300000012
large,6,54.6813545,71.6800003,972.799988,163.839996,122.879997,942.080017,0.520000041,0.200000003,0.300000012
large,7,12.1831493,71.6800003,122.879997,942.080017,972.799988,163.839996,0.590000033,0.200000003,0.300000012
large,8,35.3721237,71.6800003,972.799988,163.839996,122.879997,942.080017,0.660000026,0.200000003,0.300000012
large,9,34.1478729,71.6800003,122.879997,942.080017,972.799988,163.839996,0.730000019,0.200000003,0.300000012
tiny,0,190.281494,410.481781,190.331741,410.488312,190.290039,410.532013,0.200000003,0.300000012,0.400000006
tiny,1,504.109436,593.433533,504.43158,595.32843,506.004333,593.679871,0.200000003,0.300000012,0.400000006
tiny,2,291.033569,343.621033,292.229034,343.776459,291.236786,344.816498,0.200000003,0.300000012,0.400000006
tiny,3,363.810791,467.985565,363.988007,469.027954,364.85318,468.121063,0.200000003,0.300000012,0.400000006
tiny,4,1007.96729,198.304794,1009.63953,198.522186,1008.25159,199.977005,0.200000003,0.300000012,0.400000006
tiny,5,806.959595,391.374969,807.251709,393.093384,808.67804,391.598358,0.200000003,0.300000012,0.400000006
tiny,6,334.765106,735.517395,337.046875,735.814026,335.153015,737.799133,0.200000003,0.300000012,0.400000006
tiny,7,557.766663,988.51709,557.926941,989.4599,558.709473,988.639648,0.200000003,0.300000012,0.400000006
tiny,8,696.748047,331.769623,697.907471,331.920349,696.945129,332.929016,0.200000003,0.300000012,0.400000006
tiny,9,833.964783,624.971985,834.317505,627.046631,836.039429,625.241699,0.200000003,0.300000012,0.400000006
tiny,10,969.788635,85.1481781,969.976685,85.1726227,969.820618,85.3362045,0.200000003,0.300000012,0.400000006
tiny,11,463.431335,378.36972,463.619781,379.47821,464.539825,378.513824,0.200000003,0.300000012,0.400000006
tiny,12,631.761108,365.327606,633.282166,365.52533,632.019714,366.848663,0.200000003,0.300000012,0.400000006
tiny,13,280.784821,538.643738,281.026672,540.066345,282.207397,538.828674,0.200000003,0.300000012,0.400000006
tiny,14,606.65332,466.031067,609.01947,466.338654,607.055542,468.397217,0.200000003,0.300000012,0.400000006
tiny,15,441.527924,564.87854,441.611359,565.369385,442.018768,564.942322,0.200000003,0.300000012,0.400000006
tiny,16,275.580872,322.326843,276.335754,322.424988,275.709198,323.081726,0.200000003,0.300000012,0.400000006
tiny,17,406.513947,656.421875,406.898041,658.681274,408.773376,656.715576,0.200000003,0.300000012,0.400000006
tiny,18,648.263489,764.991699,648.81781,765.063782,648.357727,765.546021,0.200000003,0.300000012,0.400000006
tiny,19,770.960083,10.8442678,771.159729,12.0188236,772.134644,10.9969597,0.200000003,0.300000012,0.400000006
tiny,20,788.357422,68.9580612,788.83075,69.0195923,788.437866,69.431366,0.200000003,0.300000012,0.400000006
tiny,21,912.58374,572.947083,912.952271,575.114868,914.751526,573.228882,0.200000003,0.300000012,0.400000006
tiny,22,154.990677,403.921783,156.755692,404.151245,155.290726,405.686798,0.200000003,0.300000012,0.400000006
tiny,23,204.061523,694.668274,204.424179,696.801575,206.194824,694.945618,0.200000003,0.300000012,0.400000006
tiny,24,961.695984,745.949158,962.404419,746.04126,961.816406,746.657593,0.200000003,0.300000012,0.400000006
tiny,25,98.2949371,743.910095,98.4477844,744.809204,99.1940308,744.026978,0.200000003,0.300000012,0.400000006
tiny,26,604.648071,433.614563,605.02356,433.663391,604.711914,433.990051,0.200000003,0.300000012,0.400000006
tiny,27,697.22229,276.718842,697.322998,277.311279,697.814758,276.795868,0.200000003,0.300000012,0.400000006
tiny,28,315.797668,475.874756,317.338409,476.075043,316.059601,477.415497,0.200000003,0.300000012,0.400000006
tiny,29,748.773743,463.637024,748.783447,463.693939,748.830688,463.64444,0.200000003,0.300000012,0.400000006
tiny,30,73.5249329,435.083282,75.316246,435.316162,73.8294601,436.874603,0.200000003,0.300000012,0.400000006
tiny,31,860.026367,697.45343,860.294128,699.028625,861.601562,697.658203,0.200000003,0.300000012,0.400000006
tiny,32,882.475525,867.906677,884.707947,868.196899,882.855042,870.139099,0.200000003,0.300000012,0.400000006
tiny,33,637.111084,915.078796,637.320312,916.309692,638.34198,915.238831,0.200000003,0.300000012,0.400000006
tiny,34,484.742065,329.767883,486.721436,330.025208,485.078552,331.747253,0.200000003,0.300000012,0.400000006
tiny,35,724.018921,18.7647591,724.285339,20.3320541,725.586243,18.9685078,0.200000003,0.300000012,0.400000006
tiny,36,121.903557,601.416504,122.893677,601.545227,122.071877,602.406616,0.200000003,0.300000012,0.400000006
tiny,37,488.313202,233.103622,488.391907,233.566589,488.776184,233.163803,0.200000003,0.300000012,0.400000006
tiny,38,412.354645,493.488586,412.878326,493.556671,412.443665,494.012268,0.200000003,0.300000012,0.400000006
tiny,39,329.605499,698.621277,329.691345,699.126221,330.110413,698.68689,0.200000003,0.300000012,0.400000006
tiny,40,913.015442,773.555359,914.160767,773.704224,913.210144,774.700684,0.200000003,0.300000012,0.400000006
tiny,41,303.105957,918.057312,303.395538,919.760742,304.809357,918.278748,0.200000003,0.300000012,0.400000006
tiny,42,333.054596,833.596985,334.886627,833.835144,333.366058,835.429016,0.200000003,0.300000012,0.400000006
tiny,43,125.499275,660.970764,125.579094,661.440308,125.968819,661.031799,0.200000003,0.300000012,0.400000006
tiny,44,30.0681686,324.87384,31.3512573,325.040649,30.286293,326.156921,0.200000003,0.300000012,0.400000006
tiny,45,15.8659153,458.183228,15.8802404,458.267487,15.9501781,458.194183,0.200000003,0.300000012,0.400000006
tiny,46,699.723206,938.583435,701.127747,938.766052,699.961975,939.987976,0.200000003,0.300000012,0.400000006
tiny,47,874.139282,739.658203,874.553772,742.096375,876.577454,739.975159,0.200000003,0.300000012,0.400000006
tiny,48,236.779175,23.9313679,237.805923,24.064846,236.95372,24.9581184,0.200000003,0.300000012,0.400000006
tiny,49,709.05072,426.031281,709.400391,428.087982,711.107422,426.298645,0.200000003,0.300000012,0.400000006
tiny,50,99.2719727,451.84671,100.987473,452.069733,99.5636063,453.562195,0.200000003,0.300000012,0.400000006
tiny,51,575.510376,574.050171,575.91571,576.434509,577.894714,574.360107,0.200000003,0.300000012,0.400000006
tiny,52,952.950073,684.6651,953.213196,684.69928,952.994812,684.928223,0.200000003,0.300000012,0.400000006
tiny,53,203.307846,262.106232,203.594147,263.790344,204.991974,262.325165,0.200000003,0.300000012,0.400000006
tiny,54,725.940735,581.39209,728.250183,581.692322,726.333374,583.701538,0.200000003,0.300000012,0.400000006
tiny,55,968.46759,258.110016,968.568359,258.702881,969.060486,258.187103,0.200000003,0.300000012,0.400000006
tiny,56,174.476669,328.890717,174.730713,328.923737,174.519852,329.144745,0.200000003,0.300000012,0.400000006
tiny,57,199.645706,227.336685,199.891037,228.7798,201.088821,227.524292,0.200000003,0.300000012,0.400000006
tiny,58,356.606018,584.309448,357.448151,584.418945,356.749176,585.15155,0.200000003,0.300000012,0.400000006
tiny,59,418.633331,898.784424,418.714783,899.263611,419.112518,898.846741,0.200000003,0.300000012,0.400000006
tiny,60,215.831635,977.278503,217.059326,977.43811,216.040344,978.506226,0.200000003,0.300000012,0.400000006
tiny,61,447.296661,326.584076,447.657654,328.707581,449.420166,326.860138,0.200000003,0.300000012,0.400000006
tiny,62,693.469238,705.998474,693.959229,706.062195,693.552551,706.488464,0.200000003,0.300000012,0.400000006
tiny,63,65.2194366,2.87138081,65.5954514,5.08322334,67.431282,3.15892029,0.200000003,0.300000012,0.400000006
tiny,64,1020.40356,442.602631,1020.49573,442.614624,1020.41925,442.694794,0.200000003,0.300000012,0.400000006
tiny,65,804.03418,930.407471,804.361084,932.330322,805.957031,930.657471,0.200000003,0.300000012,0.400000006
tiny,66,694.821411,329.283691,697.001953,329.567169,695.192078,331.464264,0.200000003,0.300000012,0.400000006
tiny,67,649.956299,539.92511,650.060608,540.538635,650.569824,540.004883,0.200000003,0.300000012,0.400000006
tiny,68,1003.38446,481.550995,1005.71063,481.853394,1003.77991,483.877136,0.200000003,0.300000012,0.400000006
tiny,69,811.507568,899.33551,811.903564,901.664978,813.837036,899.638367,0.200000003,0.300000012,0.400000006
tiny,70,720.080872,623.387634,722.026367,623.640564,720.411621,625.33313,0.200000003,0.300000012,0.400000006
tiny,71,968.795959,174.078766,968.85553,174.429199,969.146362,174.124329,0.200000003,0.300000012,0.400000006
tiny,72,408.610626,255.437317,410.48819,255.681396,408.92981,257.31488,0.200000003,0.300000012,0.400000006
tiny,73,732.349182,268.602661,732.383484,268.804413,732.550964,268.628876,0.200000003,0.300000012,0.400000006
tiny,74,178.788391,379.847656,180.16304,380.026367,179.022079,381.222321,0.200000003,0.300000012,0.400000006
tiny,75,634.995361,9.79776955,635.181396,10.8920612,636.089661,9.94002724,0.200000003,0.300000012,0.400000006
tiny,76,704.924622,239.016174,705.839111,239.135056,705.080078,239.930679,0.200000003,0.300000012,0.400000006
tiny,77,175.257126,585.670105,175.392105,586.46405,176.051086,585.773315,0.200000003,0.300000012,0.400000006
tiny,78,949.920715,952.746277,951.964294,953.011963,950.268127,954.789856,0.200000003,0.300000012,0.400000006
tiny,79,716.77832,720.044006,717.166199,722.3255,719.059814,720.340576,0.200000003,0.300000012,0.400000006
tiny,80,885.711792,86.3058395,886.602722,86.4216614,885.86322,87.1967545,0.200000003,0.300000012,0.400000006
tiny,81,67.9699326,485.213501,67.9891052,485.326263,68.082695,485.228149,0.200000003,0.300000012,0.400000006
tiny,82,647.137268,107.909515,647.980713,108.019165,647.28064,108.752968,0.200000003,0.300000012,0.400000006
tiny,83,447.410675,376.790924,447.452026,377.03421,447.653961,376.82254,0.200000003,0.300000012,0.400000006
tiny,84,633.161865,640.524353,633.955566,640.627502,633.296814,641.318054,0.200000003,0.300000012,0.400000006
tiny,85,760.907288,666.03363,761.03418,666.78009,761.653748,666.130676,0.200000003,0.300000012,0.400000006
tiny,86,664.232361,20.3575611,664.465698,20.3878918,664.272034,20.5908737,0.200000003,0.300000012,0.400000006
tiny,87,232.164032,711.234009,232.547089,713.487244,234.417282,711.526917,0.200000003,0.300000012,0.400000006
tiny,88,294.870209,126.192413,296.86203,126.451347,295.208832,128.184219,0.200000003,0.300000012,0.400000006
tiny,89,686.052612,742.85199,686.251892,744.024109,687.224731,743.004395,0.200000003,0.300000012,0.400000006
tiny,90,330.626007,880.78363,331.300018,880.871277,330.740601,881.457642,0.200000003,0.300000012,0.400000006
tiny,91,355.016693,493.178833,355.122833,493.803223,355.641083,493.26001,0.200000003,0.300000012,0.400000006
tiny,92,624.500427,467.842804,626.841064,468.147095,624.898315,470.183472,0.200000003,0.300000012,0.400000006
tiny,93,894.470398,430.868164,894.503662,431.06366,894.665894,430.893585,0.200000003,0.300000012,0.400000006
tiny,94,884.299866,743.711426,884.996216,743.801941,884.418274,744.407776,0.200000003,0.300000012,0.400000006
tiny,95,989.137573,296.935181,989.437256,298.697906,990.900269,297.164337,0.200000003,0.300000012,0.400000006
tiny,96,807.762024,64.7276535,809.355652,64.9348297,808.032959,66.3212891,0.200000003,0.300000012,0.400000006
tiny,97,508.195923,738.85553,508.626495,741.388245,510.728668,739.184814,0.200000003,0.300000012,0.400000006
tiny,98,1006.23822,580.81543,1007.27173,580.949768,1006.41394,581.848938,0.200000003,0.300000012,0.400000006
tiny,99,365.485229,838.148499,365.859741,840.351624,367.688324,838.434875,0.200000003,0.300000012,0.400000006
tiny,100,898.960449,820.554871,900.78656,820.792236,899.270874,822.380981,0.200000003,0.300000012,0.400000006
tiny,101,18.4598713,669.058105,18.7540207,670.788391,20.1901569,669.28302,0.200000003,0.300000012,0.400000006
tiny,102,757.64856,231.47316,758.57605,231.593735,757.806213,232.400665,0.200000003,0.300000012,0.400000006
tiny,103,69.8470764,187.833893,69.8586426,187.901932,69.9151077,187.842743,0.200000003,0.300000012,0.400000006
tiny,104,68.7331543,916.090637,69.2107391,916.15271,68.8143463,916.568237,0.200000003,0.300000012,0.400000006
tiny,105,501.47995,99.4336395,501.683319,100.629868,502.676178,99.5891495,0.200000003,0.300000012,0.400000006
tiny,106,817.668701,216.520813,818.214233,216.591736,817.761414,217.06633,0.200000003,0.300000012,0.400000006
tiny,107,666.413574,477.582123,666.464539,477.881958,666.71344,477.621094,0.200000003,0.300000012,0.400000006
tiny,108,186.578415,866.799744,187.371155,866.902771,186.713181,867.592468,0.200000003,0.300000012,0.400000006
tiny,109,548.499939,813.51709,548.773315,815.125366,550.108215,813.726135,0.200000003,0.300000012,0.400000006
tiny,110,934.704407,806.124939,934.757874,806.131897,934.713501,806.178406,0.200000003,0.300000012,0.400000006
tiny,111,970.781555,965.616821,971.074402,967.339478,972.504211,965.840759,0.200000003,0.300000012,0.400000006
tiny,112,92.9356918,234.767578,95.3248901,235.078171,93.3418579,237.156784,0.200000003,0.300000012,0.400000006
tiny,113,767.09906,10.0910559,767.324951,11.4196701,768.427673,10.2637758,0.200000003,0.300000012,0.400000006
tiny,114,434.267151,160.395081,435.922974,160.610336,434.548645,162.050903,0.200000003,0.300000012,0.400000006
tiny,115,799.591614,714.093323,799.952637,716.216858,801.715149,714.369385,0.200000003,0.300000012,0.400000006
tiny,116,428.812958,343.319061,429.149841,343.362854,428.870239,343.655945,0.200000003,0.300000012,0.400000006
tiny,117,691.158569,857.678772,691.572571,860.113953,693.59375,857.995361,0.200000003,0.300000012,0.400000006
tiny,118,705.816772,792.276306,706.46283,792.360291,705.926636,792.922363,0.200000003,0.300000012,0.400000006
tiny,119,430.031158,966.6875,430.089966,967.033508,430.377167,966.732483,0.200000003,0.300000012,0.400000006
tiny,120,409.155212,796.330078,410.178253,796.463074,409.329132,797.353149,0.200000003,0.300000012,0.400000006
tiny,121,510.604309,521.48584,510.98114,523.702454,512.820923,521.773987,0.200000003,0.300000012,0.400000006
tiny,122,1012.22607,635.508667,1013.05853,635.616882,1012.36761,636.341125,0.200000003,0.300000012,0.400000006
tiny,123,294.340057,1019.77979,294.64859,1021.5946,296.154877,1020.01569,0.200000003,0.300000012,0.400000006
tiny,124,533.281982,655.911682,533.766296,655.97467,533.364319,656.395996,0.200000003,0.300000012,0.400000006
tiny,125,950.537842,312.179504,950.659363,312.894348,951.252686,312.27243,0.200000003,0.300000012,0.400000006
tiny,126,70.855217,898.609558,72.8403168,898.867615,71.192688,900.594666,0.200000003,0.300000012,0.400000006
tiny,127,839.871277,863.753662,840.0625,864.878479,840.996094,863.899902,0.200000003,0.300000012,0.400000006
tiny,128,4.51645041,258.591858,6.75228024,258.882507,4.8965416,260.827698,0.200000003,0.300000012,0.400000006
tiny,129,248.723541,984.831482,248.833862,985.480408,249.372482,984.915833,0.200000003,0.300000012,0.400000006
tiny,130,453.775879,860.218384,454.230499,860.277466,453.85318,860.673035,0.200000003,0.300000012,0.400000006
tiny,131,887.076416,347.5737,887.267517,348.697693,888.200378,347.719818,0.200000003,0.300000012,0.400000006
tiny,132,532.478943,800.491699,534.23938,800.720581,532.778198,802.252136,0.200000003,0.300000012,0.400000006
tiny,133,599.286133,958.073975,599.609375,959.975281,601.187439,958.321167,0.200000003,0.300000012,0.400000006
tiny,134,566.712585,187.218918,568.937988,187.508224,567.090881,189.444351,0.200000003,0.300000012,0.400000006
tiny,135,849.606628,36.9569054,849.793396,38.055645,850.705383,37.0997429,0.200000003,0.300000012,0.400000006
tiny,136,720.599182,1010.51971,722.918335,1010.82123,720.993408,1012.83887,0.200000003,0.300000012,0.400000006
tiny,137,106.020363,524.129211,106.067299,524.405273,106.296448,524.1651,0.200000003,0.300000012,0.400000006
tiny,138,640.366394,445.878845,640.624084,445.912354,640.410217,446.136505,0.200000003,0.300000012,0.400000006
tiny,139,999.247131,293.493927,999.430725,294.573792,1000.32703,293.634308,0.200000003,0.300000012,0.400000006
tiny,140,291.880432,900.827271,292.681763,900.931458,292.016663,901.628601,0.200000003,0.300000012,0.400000006
tiny,141,830.62207,935.39386,831.036804,937.833496,833.061707,935.710999,0.200000003,0.300000012,0.400000006
tiny,142,151.08194,849.413025,151.987732,849.530762,151.235931,850.318848,0.200000003,0.300000012,0.400000006
tiny,143,923.121094,840.380737,923.442749,842.272705,925.013062,840.626709,0.200000003,0.300000012,0.400000006
tiny,144,400.858887,394.192291,401.257935,394.244171,400.926727,394.591339,0.200000003,0.300000012,0.400000006
tiny,145,3.40133262,1011.6626,3.60697651,1012.87225,4.61100292,1011.81989,0.200000003,0.300000012,0.400000006
tiny,146,906.071411,631.518127,906.611206,631.588318,906.163147,632.057922,0.200000003,0.300000012,0.400000006
tiny,147,537.332336,316.786011,537.519897,317.889282,538.435608,316.929443,0.200000003,0.300000012,0.400000006
tiny,148,869.695801,725.398132,871.33606,725.611389,869.97467,727.038391,0.200000003,0.300000012,0.400000006
tiny,149,532.079529,377.10495,532.447998,379.2724,534.247009,377.386719,0.200000003,0.300000012,0.400000006
tiny,150,125.863594,670.683228,126.577675,670.776062,125.984985,671.397278,0.200000003,0.300000012,0.400000006
tiny,151,486.869507,224.418945,487.059113,225.534332,487.984894,224.56395,0.200000003,0.300000012,0.400000006
tiny,152,222.848236,598.944153,224.921234,599.213623,223.200653,601.017151,0.200000003,0.300000012,0.400000006
tiny,153,908.546387,611.768127,908.977417,614.303528,911.081787,612.097717,0.200000003,0.300000012,0.400000006
tiny,154,460.386902,581.63446,461.745819,581.811096,460.61792,582.993347,0.200000003,0.300000012,0.400000006
tiny,155,37.5362434,539.956482,37.8542252,541.826965,39.4067192,540.199646,0.200000003,0.300000012,0.400000006
tiny,156,321.664307,526.769836,324.003845,527.073975,322.062042,529.109375,0.200000003,0.300000012,0.400000006
tiny,157,820.126953,937.531372,820.515625,939.817627,822.413208,937.828552,0.200000003,0.300000012,0.400000006
tiny,158,911.930969,391.083679,914.048462,391.358948,912.290955,393.201202,0.200000003,0.300000012,0.400000006
tiny,159,1000.22113,544.104858,1000.50006,545.745544,1001.86182,544.318176,0.200000003,0.300000012,0.400000006
tiny,160,786.502686,995.594177,788.45343,995.847778,786.83429,997.544922,0.200000003,0.300000012,0.400000006
tiny,161,703.871887,813.9198,704.136536,815.476379,705.428467,814.122131,0.200000003,0.300000012,0.400000006
tiny,162,13.3643723,36.7986908,14.8249474,36.9885674,13.6126699,38.2592659,0.200000003,0.300000012,0.400000006
tiny,163,78.3413925,854.28894,78.3746338,854.484497,78.5369263,854.314331,0.200000003,0.300000012,0.400000006
tiny,164,91.3886032,980.578003,93.5003357,980.852539,91.7475967,982.689758,0.200000003,0.300000012,0.400000006
tiny,165,51.7394791,525.66748,52.0619316,527.56427,53.6362648,525.914062,0.200000003,0.300000012,0.400000006
tiny,166,72.7069473,108.464142,74.5292206,108.701035,73.0167313,110.286415,0.200000003,0.300000012,0.400000006
tiny,167,904.542542,547.804016,904.843323,549.573486,906.312012,548.034058,0.200000003,0.300000012,0.400000006
tiny,168,32.5905991,626.118042,34.53162,626.370361,32.9205742,628.059082,0.200000003,0.300000012,0.400000006
tiny,169,472.635101,442.723236,472.738708,443.332642,473.244507,442.80246,0.200000003,0.300000012,0.400000006
tiny,170,249.872147,625.433472,250.644608,625.533875,250.003464,626.205933,0.200000003,0.300000012,0.400000006
tiny,171,364.015625,715.118469,364.427887,717.543518,366.440674,715.433716,0.200000003,0.300000012,0.400000006
tiny,172,383.319275,758.151917,384.536591,758.310181,383.526215,759.369263,0.200000003,0.300000012,0.400000006
tiny,173,416.397705,515.503906,416.607056,516.735352,417.629181,515.664001,0.200000003,0.300000012,0.400000006
tiny,174,259.004517,133.296844,260.082458,133.436981,259.187775,134.374771,0.200000003,0.300000012,0.400000006
tiny,175,600.939209,790.49231,601.342285,792.863342,603.310242,790.800537,0.200000003,0.300000012,0.400000006
tiny,176,329.845703,417.295807,330.860474,417.427734,330.018219,418.310577,0.200000003,0.300000012,0.400000006
tiny,177,93.6298294,913.84082,93.7063599,914.291016,94.0800171,913.899353,0.200000003,0.300000012,0.400000006
tiny,178,924.127075,798.431335,925.785461,798.646912,924.408997,800.089722,0.200000003,0.300000012,0.400000006
tiny,179,9.12882996,599.166748,9.16984272,599.40802,9.37008286,599.19812,0.200000003,0.300000012,0.400000006
tiny,180,558.464844,876.009705,559.424133,876.134399,558.62793,876.968994,0.200000003,0.300000012,0.400000006
tiny,181,1005.57123,260.115112,1005.6543,260.603821,1006.05994,260.17865,0.200000003,0.300000012,0.400000006
tiny,182,588.396545,713.184021,589.559265,713.335144,588.594177,714.346741,0.200000003,0.300000012,0.400000006
tiny,183,269.70639,229.053513,270.059265,231.129227,271.782104,229.323349,0.200000003,0.300000012,0.400000006
tiny,184,131.769485,427.175079,133.045593,427.340973,131.98642,428.451202,0.200000003,0.300000012,0.400000006
tiny,185,606.190552,404.601471,606.469543,406.242706,607.831787,404.814819,0.200000003,0.300000012,0.400000006
tiny,186,754.946533,584.64447,755.473694,584.713013,755.036133,585.171631,0.200000003,0.300000012,0.400000006
tiny,187,953.211304,1019.48993,953.228577,1019.59167,953.313049,1019.50317,0.200000003,0.300000012,0.400000006
tiny,188,537.468262,865.302307,537.821289,865.348206,537.528259,865.655334,0.200000003,0.300000012,0.400000006
tiny,189,1018.17462,227.90657,1018.59802,230.397095,1020.66516,228.230331,0.200000003,0.300000012,0.400000006
tiny,190,414.017365,913.174255,415.016846,913.304199,414.187286,914.173767,0.200000003,0.300000012,0.400000006
tiny,191,665.520996,34.822834,665.749695,36.167942,666.866089,34.9976997,0.200000003,0.300000012,0.400000006
tiny,192,772.041626,400.318237,773.42749,400.498413,772.277222,401.704102,0.200000003,0.300000012,0.400000006
tiny,193,96.1574631,359.480499,96.5773621,361.9505,98.6274567,359.801605,0.200000003,0.300000012,0.400000006
tiny,194,568.502441,229.591995,570.006165,229.787476,568.758057,231.095688,0.200000003,0.300000012,0.400000006
tiny,195,518.710449,121.372093,518.768127,121.711395,519.049744,121.416199,0.200000003,0.300000012,0.400000006
tiny,196,491.372192,977.127563,493.189819,977.363831,491.681183,978.94519,0.200000003,0.300000012,0.400000006
tiny,197,895.726135,369.417633,896.094849,371.586426,897.894958,369.699585,0.200000003,0.300000012,0.400000006
tiny,198,157.302704,710.539795,159.509781,710.826721,157.677902,712.746887,0.200000003,0.300000012,0.400000006
tiny,199,237.541794,322.145386,237.651123,322.788483,238.184906,322.229004,0.200000003,0.300000012,0.400000006
tiny,200,751.69458,932.733887,752.849976,932.884094,751.890991,933.889282,0.200000003,0.300000012,0.400000006
tiny,201,168.525497,404.723175,168.774323,406.186859,169.989197,404.913452,0.200000003,0.300000012,0.400000006
tiny,202,229.080276,644.73407,231.351486,645.029358,229.466385,647.00531,0.200000003,0.300000012,0.400000006
tiny,203,39.776783,960.966125,39.832119,961.291626,40.1022797,961.008423,0.200000003,0.300000012,0.400000006
tiny,204,789.012024,792.799011,789.91571,792.916504,789.165649,793.702698,0.200000003,0.300000012,0.400000006
tiny,205,356.577454,546.564575,356.774994,547.726624,357.739532,546.715637,0.200000003,0.300000012,0.400000006
tiny,206,80.1647034,770.064148,81.8209686,770.27948,80.4462662,771.720398,0.200000003,0.300000012,0.400000006
tiny,207,499.375,312.014771,499.706421,313.964294,501.324524,312.268219,0.200000003,0.300000012,0.400000006
tiny,208,848.231995,474.597595,849.438843,474.754486,848.437134,475.804443,0.200000003,0.300000012,0.400000006
tiny,209,109.774323,153.546753,109.973953,154.721069,110.948639,153.699417,0.200000003,0.300000012,0.400000006
tiny,210,46.0859871,655.01001,46.2513771,655.031494,46.1141052,655.175415,0.200000003,0.300000012,0.400000006
tiny,211,949.796875,960.405212,950.199402,962.773132,952.164795,960.713013,0.200000003,0.300000012,0.400000006
tiny,212,312.908447,356.675201,315.443298,357.00473,313.339386,359.210052,0.200000003,0.300000012,0.400000006
tiny,213,82.7074432,741.875244,82.9506607,743.305908,84.1381226,742.061218,0.200000003,0.300000012,0.400000006
tiny,214,777.642151,650.366577,778.573608,650.487671,777.800476,651.298035,0.200000003,0.300000012,0.400000006
tiny,215,7.91227627,764.152344,8.12886429,765.426392,9.18632221,764.317993,0.200000003,0.300000012,0.400000006
tiny,216,797.181152,612.757019,798.101807,612.876709,797.337646,613.677673,0.200000003,0.300000012,0.400000006
tiny,217,34.979229,318.947174,35.2386246,320.473053,36.5050964,319.145538,0.200000003,0.300000012,0.400000006
tiny,218,902.984863,658.49176,903.18634,658.517944,903.019104,658.693237,0.200000003,0.300000012,0.400000006
tiny,219,649.007629,46.2123299,649.235901,47.5552406,650.350525,46.3869095,0.200000003,0.300000012,0.400000006
tiny,220,335.149292,889.376892,337.069183,889.626465,335.475677,891.296753,0.200000003,0.300000012,0.400000006
tiny,221,859.137634,149.327026,859.403809,150.892868,860.703491,149.530579,0.200000003,0.300000012,0.400000006
tiny,222,435.255157,180.003006,436.666321,180.186462,435.495056,181.414169,0.200000003,0.300000012,0.400000006
tiny,223,302.772858,726.473022,302.809296,726.687256,302.987122,726.500854,0.200000003,0.300000012,0.400000006
tiny,224,295.484833,11.9846773,297.286774,12.2189302,295.791168,13.7866211,0.200000003,0.300000012,0.400000006
tiny,225,919.337769,959.370605,919.604248,960.937988,920.905151,959.574341,0.200000003,0.300000012,0.400000006
tiny,226,323.362457,53.2315712,325.2146,53.4723473,323.677307,55.0837021,0.200000003,0.300000012,0.400000006
tiny,227,491.806152,964.531433,491.922943,965.218384,492.493134,964.620728,0.200000003,0.300000012,0.400000006
tiny,228,512.465881,59.9860382,514.716187,60.2785759,512.84845,62.2363358,0.200000003,0.300000012,0.400000006
tiny,229,617.486389,26.9237671,617.565857,27.3910789,617.953674,26.9845181,0.200000003,0.300000012,0.400000006
tiny,230,586.455688,209.414398,586.765991,209.454727,586.508423,209.72467,0.200000003,0.300000012,0.400000006
tiny,231,895.152588,38.6509628,895.170654,38.7570915,895.258728,38.6647606,0.200000003,0.300000012,0.400000006
tiny,232,227.958557,642.5849,228.967606,642.716064,228.130096,643.593933,0.200000003,0.300000012,0.400000006
tiny,233,679.017029,728.958313,679.42218,731.341736,681.400452,729.268127,0.200000003,0.300000012,0.400000006
tiny,234,838.639587,126.082817,838.718323,126.093056,838.652954,126.161583,0.200000003,0.300000012,0.400000006
tiny,235,202.165726,357.996429,202.288254,358.717194,202.88649,358.090118,0.200000003,0.300000012,0.400000006
tiny,236,831.209961,272.422424,831.466492,272.45578,831.25354,272.678925,0.200000003,0.300000012,0.400000006
tiny,237,441.423187,356.501038,441.82077,358.839691,443.761841,356.805054,0.200000003,0.300000012,0.400000006
tiny,238,613.328979,928.441895,615.150879,928.678772,613.638733,930.263794,0.200000003,0.300000012,0.400000006
tiny,239,243.048279,248.962753,243.311859,250.51326,244.598785,249.164322,0.200000003,0.300000012,0.400000006
tiny,240,742.841919,829.210938,743.021606,829.234314,742.872498,829.390625,0.200000003,0.300000012,0.400000006
tiny,241,559.22052,591.837769,559.373047,592.735046,560.117798,591.954407,0.200000003,0.300000012,0.400000006
tiny,242,406.098694,845.78302,407.014008,845.902039,406.254303,846.698364,0.200000003,0.300000012,0.400000006
tiny,243,324.224243,235.158417,324.571167,237.199234,326.265045,235.423721,0.200000003,0.300000012,0.400000006
tiny,244,821.44812,544.945618,821.624634,544.968567,821.478149,545.122131,0.200000003,0.300000012,0.400000006
tiny,245,513.73761,292.560181,513.955139,293.839813,515.017212,292.726532,0.200000003,0.300000012,0.400000006
tiny,246,796.6521,913.868286,797.527588,913.982117,796.800903,914.743774,0.200000003,0.300000012,0.400000006
tiny,247,998.779785,623.026184,999.010864,624.385498,1000.1391,623.202881,0.200000003,0.300000012,0.400000006
tiny,248,948.131531,852.070251,948.984985,852.181213,948.276611,852.923706,0.200000003,0.300000012,0.400000006
tiny,249,209.01416,835.571045,209.121597,836.203064,209.646164,835.653198,0.200000003,0.300000012,0.400000006
tiny,250,300.997284,4.70694542,302.768402,4.93719101,301.29837,6.47806549,0.200000003,0.300000012,0.400000006
tiny,251,726.261963,168.907074,726.648254,171.179413,728.534302,169.202484,0.200000003,0.300000012,0.400000006
tiny,252,258.325073,838.688965,259.871826,838.890015,258.588013,840.235718,0.200000003,0.300000012,0.400000006
tiny,253,596.402039,468.755798,596.609436,469.975647,597.621887,468.914368,0.200000003,0.300000012,0.400000006
tiny,254,1003.56897,338.373596,1004.47687,338.491608,1003.72333,339.281494,0.200000003,0.300000012,0.400000006
tiny,255,847.221191,802.926819,847.61145,805.222473,849.516846,803.225281,0.200000003,0.300000012,0.400000006
tiny,256,357.938446,224.882217,358.280762,224.926712,357.996643,225.224518,0.200000003,0.300000012,0.400000006
tiny,257,45.8672295,86.1001892,45.910244,86.3532104,46.1202507,86.1330795,0.200000003,0.300000012,0.400000006
tiny,258,783.701233,855.048645,786.133972,855.364929,784.114807,857.481384,0.200000003,0.300000012,0.400000006
tiny,259,554.125732,196.202866,554.47821,198.276184,556.199036,196.472397,0.200000003,0.300000012,0.400000006
tiny,260,951.945312,104.629982,953.760864,104.866005,952.253967,106.445564,0.200000003,0.300000012,0.400000006
tiny,261,906.529175,99.8905334,906.735657,101.105164,907.743774,100.048431,0.200000003,0.300000012,0.400000006
tiny,262,292.710846,803.477966,293.610352,803.59491,292.86377,804.377502,0.200000003,0.300000012,0.400000006
tiny,263,108.398811,971.91803,108.745102,973.955017,110.435814,972.182861,0.200000003,0.300000012,0.400000006
tiny,264,220.15448,901.108093,222.288193,901.385498,220.517212,903.241821,0.200000003,0.300000012,0.400000006
tiny,265,49.6383438,693.209167,50.057827,695.676697,52.1058998,693.529968,0.200000003,0.300000012,0.400000006
tiny,266,70.4867859,693.524963,71.5731506,693.666199,70.6714706,694.611328,0.200000003,0.300000012,0.400000006
tiny,267,849.509216,733.964905,849.839661,735.908691,851.453003,734.21759,0.200000003,0.300000012,0.400000006
tiny,268,266.692688,503.80249,268.375092,504.02121,266.978699,505.484894,0.200000003,0.300000012,0.400000006
tiny,269,206.448532,909.167603,206.66188,910.422607,207.703537,909.33075,0.200000003,0.300000012,0.400000006
tiny,270,783.970642,475.88443,785.088745,476.029785,784.160706,477.002502,0.200000003,0.300000012,0.400000006
tiny,271,173.85321,634.014526,174.283569,636.546082,176.38475,634.343628,0.200000003,0.300000012,0.400000006
tiny,272,673.635986,779.023376,674.795837,779.174133,673.83313,780.183228,0.200000003,0.300000012,0.400000006
tiny,273,865.736877,486.748596,865.811035,487.184937,866.173218,486.805328,0.200000003,0.300000012,0.400000006
tiny,274,221.395874,352.067017,223.933441,352.396912,221.827255,354.604584,0.200000003,0.300000012,0.400000006
tiny,275,230.779312,490.589478,230.946655,491.573853,231.763687,490.717438,0.200000003,0.300000012,0.400000006
tiny,276,770.816589,8.90019417,771.093933,8.93624687,770.863708,9.17752266,0.200000003,0.300000012,0.400000006
tiny,277,1017.04828,466.693817,1017.48035,469.235474,1019.58997,467.024231,0.200000003,0.300000012,0.400000006
tiny,278,71.9179688,491.916138,73.8661804,492.169403,72.2491608,493.864349,0.200000003,0.300000012,0.400000006
tiny,279,261.255829,983.167053,261.63269,985.383911,263.472656,983.455261,0.200000003,0.300000012,0.400000006
tiny,280,881.027222,222.559174,881.322937,222.59761,881.077515,222.854858,0.200000003,0.300000012,0.400000006
tiny,281,18.308672,704.835632,18.5518284,706.265991,19.739006,705.021545,0.200000003,0.300000012,0.400000006
tiny,282,341.379456,369.069519,342.263794,369.184479,341.529785,369.953857,0.200000003,0.300000012,0.400000006
tiny,283,619.194824,887.874023,619.444397,889.342041,620.662842,888.06488,0.200000003,0.300000012,0.400000006
tiny,284,429.909851,347.514008,431.67337,347.743256,430.209656,349.277527,0.200000003,0.300000012,0.400000006
tiny,285,586.386902,730.477661,586.424255,730.697266,586.606506,730.506226,0.200000003,0.300000012,0.400000006
tiny,286,710.061584,148.580185,710.422302,148.627075,710.122925,148.940887,0.200000003,0.300000012,0.400000006
tiny,287,117.326279,573.240723,117.549202,574.552063,118.637596,573.411194,0.200000003,0.300000012,0.400000006
tiny,288,84.697876,59.4587975,86.2258453,59.6574326,84.957634,60.986763,0.200000003,0.300000012,0.400000006
tiny,289,261.292267,191.000443,261.662811,193.180038,263.471863,191.283798,0.200000003,0.300000012,0.400000006
tiny,290,1018.5014,762.958801,1020.87164,763.266907,1018.90436,765.329041,0.200000003,0.300000012,0.400000006
tiny,291,278.47757,682.1026,278.529846,682.410095,278.785065,682.142578,0.200000003,0.300000012,0.400000006
tiny,292,406.092163,360.382965,408.491608,360.694885,406.500061,362.78241,0.200000003,0.300000012,0.400000006
tiny,293,203.845474,453.846802,204.02742,454.917114,204.915771,453.985931,0.200000003,0.300000012,0.400000006
tiny,294,291.945465,109.571732,292.908844,109.696968,292.109222,110.535095,0.200000003,0.300000012,0.400000006
tiny,295,119.750725,344.323029,120.176994,346.830475,122.258179,344.648987,0.200000003,0.300000012,0.400000006
tiny,296,151.315857,464.471222,152.844376,464.669922,151.575699,465.999725,0.200000003,0.300000012,0.400000006
tiny,297,829.608032,809.300171,829.901611,811.027039,831.3349,809.524658,0.200000003,0.300000012,0.400000006
tiny,298,991.563904,446.698639,992.697693,446.846039,991.756653,447.832428,0.200000003,0.300000012,0.400000006
tiny,299,651.246155,356.834595,651.414246,357.823334,652.234924,356.963135,0.200000003,0.300000012,0.400000006
tiny,300,240.795181,229.839417,241.152466,229.885864,240.855927,230.196701,0.200000003,0.300000012,0.400000006
tiny,301,591.230713,27.4646702,591.584229,29.5440845,593.31012,27.7349949,0.200000003,0.300000012,0.400000006
tiny,302,924.185242,162.17485,925.787598,162.383163,924.457642,163.777222,0.200000003,0.300000012,0.400000006
tiny,303,237.177094,520.810669,237.594879,523.268188,239.634628,521.130127,0.200000003,0.300000012,0.400000006
tiny,304,59.9909019,10.27178,61.4983215,10.4677448,60.2471619,11.7791977,0.200000003,0.300000012,0.400000006
tiny,305,472.689728,888.291443,472.702576,888.366943,472.765228,888.30127,0.200000003,0.300000012,0.400000006
tiny,306,707.7854,858.11438,709.980286,858.399719,708.158508,860.309265,0.200000003,0.300000012,0.400000006
tiny,307,7.28583145,764.655945,7.63297033,766.697937,9.32782364,764.921387,0.200000003,0.300000012,0.400000006
tiny,308,78.6673965,130.321564,80.0935593,130.506958,78.9098434,131.747726,0.200000003,0.300000012,0.400000006
tiny,309,156.456879,1018.48358,156.726807,1020.07141,158.044708,1018.69,0.200000003,0.300000012,0.400000006
tiny,310,445.825256,398.165955,448.301575,398.487885,446.246216,400.642273,0.200000003,0.300000012,0.400000006
tiny,311,606.612244,851.150696,606.876831,852.70697,608.168518,851.353027,0.200000003,0.300000012,0.400000006
tiny,312,297.167389,922.693909,297.762146,922.77124,297.268494,923.288635,0.200000003,0.300000012,0.400000006
tiny,313,425.504242,770.942566,425.816345,772.778442,427.340118,771.181213,0.200000003,0.300000012,0.400000006
tiny,314,238.058212,1004.88861,239.867737,1005.12384,238.365829,1006.69812,0.200000003,0.300000012,0.400000006
tiny,315,873.173523,819.551147,873.462158,821.24884,874.871216,819.771851,0.200000003,0.300000012,0.400000006
tiny,316,216.971359,843.104553,217.648422,843.192566,217.086456,843.781616,0.200000003,0.300000012,0.400000006
tiny,317,473.832123,80.5757751,473.915955,81.0688553,474.325195,80.6398773,0.200000003,0.300000012,0.400000006
tiny,318,996.072876,912.903564,998.075378,913.163879,996.41333,914.906067,0.200000003,0.300000012,0.400000006
tiny,319,650.108704,415.519653,650.525818,417.973328,652.562378,415.838623,0.200000003,0.300000012,0.400000006
tiny,320,1017.91113,717.332153,1019.77472,717.574402,1018.22797,719.19574,0.200000003,0.300000012,0.400000006
tiny,321,352.675781,825.416138,352.764343,825.937073,353.196686,825.483887,0.200000003,0.300000012,0.400000006
tiny,322,912.13092,198.242462,913.367188,198.403168,912.341064,199.478714,0.200000003,0.300000012,0.400000006
tiny,323,8.80774784,113.66172,8.85434341,113.935814,9.08183956,113.69735,0.200000003,0.300000012,0.400000006
tiny,324,457.18454,811.959534,459.148376,812.214844,457.518402,813.923401,0.200000003,0.300000012,0.400000006
tiny,325,696.75647,100.20314,696.824097,100.601082,697.154419,100.254875,0.200000003,0.300000012,0.400000006
tiny,326,937.772034,550.125732,939.585632,550.361511,938.080322,551.939331,0.200000003,0.300000012,0.400000006
tiny,327,667.54541,576.466614,667.794556,577.932068,669.010864,576.657104,0.200000003,0.300000012,0.400000006
tiny,328,955.287842,656.812622,957.582947,657.110962,955.677979,659.107727,0.200000003,0.300000012,0.400000006
tiny,329,357.190186,318.895142,357.449341,320.419556,358.7146,319.093323,0.200000003,0.300000012,0.400000006
tiny,330,260.18219,1013.62665,260.911255,1013.72144,260.306122,1014.35571,0.200000003,0.300000012,0.400000006
tiny,331,103.886551,343.641296,103.913513,343.799896,104.045151,343.661926,0.200000003,0.300000012,0.400000006
tiny,332,250.523972,826.518616,251.629425,826.662354,250.711899,827.624084,0.200000003,0.300000012,0.400000006
tiny,333,172.207169,747.992126,172.553101,750.026978,174.24205,748.256653,0.200000003,0.300000012,0.400000006
tiny,334,791.77948,458.166504,793.40387,458.377686,792.055603,459.790924,0.200000003,0.300000012,0.400000006
tiny,335,576.426575,163.632172,576.705933,165.275284,578.069702,163.845779,0.200000003,0.300000012,0.400000006
tiny,336,858.140381,749.443298,858.434692,749.481567,858.19043,749.73761,0.200000003,0.300000012,0.400000006
tiny,337,122.040886,615.679565,122.120232,616.146301,122.507622,615.740234,0.200000003,0.300000012,0.400000006
tiny,338,357.31839,403.970062,359.717224,404.281921,357.726196,406.368896,0.200000003,0.300000012,0.400000006
tiny,339,396.527649,1017.87488,396.789459,1019.41498,398.06778,1018.07507,0.200000003,0.300000012,0.400000006
tiny,340,267.892456,797.415222,269.605408,797.637878,268.183655,799.128174,0.200000003,0.300000012,0.400000006
tiny,341,404.158936,999.526794,404.486938,1001.45612,406.088287,999.777588,0.200000003,0.300000012,0.400000006
tiny,342,931.677917,282.988708,933.197388,283.186249,931.936218,284.508179,0.200000003,0.300000012,0.400000006
tiny,343,306.982178,927.785461,307.097107,928.461487,307.658203,927.873352,0.200000003,0.300000012,0.400000006
tiny,344,411.693726,587.745911,412.176636,587.808716,411.775818,588.228821,0.200000003,0.300000012,0.400000006
tiny,345,322.063202,920.74176,322.460388,923.078247,324.399658,921.045471,0.200000003,0.300000012,0.400000006
tiny,346,675.91803,186.120651,677.079529,186.271652,676.115479,187.28215,0.200000003,0.300000012,0.400000006
tiny,347,811.945862,580.266113,811.963806,580.371643,812.051392,580.279846,0.200000003,0.300000012,0.400000006
tiny,348,905.205383,54.8063736,905.311584,54.820179,905.22345,54.9125633,0.200000003,0.300000012,0.400000006
tiny,349,146.274643,1017.84583,146.541702,1019.41675,147.845596,1018.05005,0.200000003,0.300000012,0.400000006
tiny,350,322.322083,556.588013,324.735504,556.901733,322.732361,559.001404,0.200000003,0.300000012,0.400000006
tiny,351,986.306335,437.567383,986.633179,439.489838,988.22876,437.817291,0.200000003,0.300000012,0.400000006
tiny,352,629.591064,494.249512,629.881653,494.287292,629.640442,494.5401,0.200000003,0.300000012,0.400000006
tiny,353,89.43853,670.766968,89.8564377,673.22522,91.8968124,671.086548,0.200000003,0.300000012,0.400000006
tiny,354,78.0143127,752.694275,78.6530304,752.777283,78.1228943,753.333008,0.200000003,0.300000012,0.400000006
tiny,355,331.025146,772.482361,331.301788,774.109741,332.652527,772.693909,0.200000003,0.300000012,0.400000006
tiny,356,730.470642,211.846176,732.362244,212.092087,730.792236,213.737808,0.200000003,0.300000012,0.400000006
tiny,357,829.388306,357.777802,829.701904,359.622375,831.232849,358.017609,0.200000003,0.300000012,0.400000006
tiny,358,570.86377,532.004272,572.285278,532.189087,571.105408,533.425781,0.200000003,0.300000012,0.400000006
tiny,359,133.951523,120.698318,134.218552,122.269119,135.522324,120.902519,0.200000003,0.300000012,0.400000006
tiny,360,308.212891,616.572205,308.760468,616.643372,308.305969,617.119812,0.200000003,0.300000012,0.400000006
tiny,361,383.613007,532.402466,383.687561,532.841064,384.051605,532.459473,0.200000003,0.300000012,0.400000006
tiny,362,195.897842,215.302963,197.859131,215.557938,196.231262,217.264252,0.200000003,0.300000012,0.400000006
tiny,363,419.978912,486.003448,420.180084,487.186798,421.162262,486.157288,0.200000003,0.300000012,0.400000006
tiny,364,960.097351,490.422424,960.506165,490.475555,960.16687,490.831238,0.200000003,0.300000012,0.400000006
tiny,365,124.469315,218.142624,124.663536,219.285095,125.611778,218.291138,0.200000003,0.300000012,0.400000006
tiny,366,524.591858,352.271484,525.674805,352.412262,524.77594,353.354401,0.200000003,0.300000012,0.400000006
tiny,367,816.361633,604.345398,816.68457,606.245117,818.261353,604.592346,0.200000003,0.300000012,0.400000006
tiny,368,945.773743,752.53186,946.320007,752.602905,945.866638,753.078125,0.200000003,0.300000012,0.400000006
tiny,369,513.737793,204.967346,514.062683,206.878418,515.648865,205.21579,0.200000003,0.300000012,0.400000006
tiny,370,554.318298,399.657623,555.97467,399.872955,554.599854,401.313995,0.200000003,0.300000012,0.400000006
tiny,371,264.458496,301.986603,264.880188,304.467194,266.939087,302.309082,0.200000003,0.300000012,0.400000006
tiny,372,356.195831,728.240601,357.678772,728.433411,356.447937,729.723572,0.200000003,0.300000012,0.400000006
tiny,373,1006.92841,433.052612,1007.21112,434.715485,1008.59131,433.268799,0.200000003,0.300000012,0.400000006
tiny,374,872.083191,189.21846,874.249329,189.500061,872.451416,191.384628,0.200000003,0.300000012,0.400000006
tiny,375,1006.16467,104.361847,1006.19244,104.52536,1006.32819,104.383102,0.200000003,0.300000012,0.400000006
tiny,376,621.317566,495.070862,621.803589,495.134033,621.400208,495.556854,0.200000003,0.300000012,0.400000006
tiny,377,1020.51135,900.200989,1020.55048,900.431152,1020.74152,900.230896,0.200000003,0.300000012,0.400000006
tiny,378,438.057434,573.791626,439.313446,573.954895,438.270966,575.047607,0.200000003,0.300000012,0.400000006
tiny,379,326.493561,248.359543,326.53833,248.62291,326.756927,248.393784,0.200000003,0.300000012,0.400000006
tiny,380,404.398682,82.1090927,404.458832,82.1169128,404.408905,82.1692352,0.200000003,0.300000012,0.400000006
tiny,381,74.0108414,801.534912,74.0919495,802.012024,74.4879303,801.596924,0.200000003,0.300000012,0.400000006
tiny,382,212.179352,617.921021,212.355011,617.943848,212.209213,618.09668,0.200000003,0.300000012,0.400000006
tiny,383,560.140015,567.441223,560.564026,569.935425,562.634216,567.765442,0.200000003,0.300000012,0.400000006
tiny,384,1012.52441,847.962463,1014.89972,848.27124,1012.92822,850.337769,0.200000003,0.300000012,0.400000006
tiny,385,825.305359,361.672577,825.398315,362.219452,825.852234,361.743683,0.200000003,0.300000012,0.400000006
tiny,386,140.57811,406.755157,140.698486,406.770813,140.598572,406.875519,0.200000003,0.300000012,0.400000006
tiny,387,135.866211,523.821045,136.155212,525.521057,137.566223,524.042053,0.200000003,0.300000012,0.400000006
tiny,388,595.933105,658.337097,596.041992,658.351257,595.951599,658.445984,0.200000003,0.300000012,0.400000006
tiny,389,241.702789,859.198364,241.725784,859.333618,241.838074,859.215942,0.200000003,0.300000012,0.400000006
tiny,390,252.955017,530.225708,253.772186,530.33197,253.093933,531.042908,0.200000003,0.300000012,0.400000006
tiny,391,381.457092,769.307617,381.864594,771.704773,383.854248,769.619263,0.200000003,0.300000012,0.400000006
tiny,392,100.292366,221.17128,101.682838,221.352036,100.528748,222.561752,0.200000003,0.300000012,0.400000006
tiny,393,33.1385536,887.142395,33.2813644,887.982483,33.9786148,887.251587,0.200000003,0.300000012,0.400000006
tiny,394,196.456665,47.786972,198.646774,48.0716858,196.828979,49.9770889,0.200000003,0.300000012,0.400000006
tiny,395,894.662354,719.71698,894.736389,720.152649,895.098022,719.773621,0.200000003,0.300000012,0.400000006
tiny,396,248.74411,702.19342,249.684555,702.315674,248.903992,703.13385,0.200000003,0.300000012,0.400000006
tiny,397,380.532593,295.307037,380.831848,297.067291,382.292847,295.535858,0.200000003,0.300000012,0.400000006
tiny,398,899.137329,215.105682,899.736572,215.183578,899.239197,215.70491,0.200000003,0.300000012,0.400000006
tiny,399,336.084534,801.098755,336.165771,801.576599,336.562347,801.160889,0.200000003,0.300000012,0.400000006
tiny,400,925.777039,50.0799866,926.562134,50.182045,925.910522,50.8650627,0.200000003,0.300000012,0.400000006
tiny,401,134.758209,764.115234,134.909851,765.007263,135.650223,764.231201,0.200000003,0.300000012,0.400000006
tiny,402,862.280945,66.5686493,864.013245,66.7938538,862.575439,68.3009796,0.200000003,0.300000012,0.400000006
tiny,403,665.650757,7.43341351,665.821716,8.43906498,666.656433,7.56414843,0.200000003,0.300000012,0.400000006
tiny,404,740.179382,461.088715,741.002014,461.195648,740.319214,461.911316,0.200000003,0.300000012,0.400000006
tiny,405,909.574097,702.892517,909.615967,703.138916,909.820496,702.924561,0.200000003,0.300000012,0.400000006
tiny,406,256.119995,222.086929,258.176819,222.354324,256.469666,224.143753,0.200000003,0.300000012,0.400000006
tiny,407,236.032806,66.8193436,236.437759,69.2013931,238.414856,67.1290131,0.200000003,0.300000012,0.400000006
tiny,408,76.0725098,79.9490662,77.2686768,80.1045685,76.275856,81.1452332,0.200000003,0.300000012,0.400000006
tiny,409,154.147949,449.346588,154.481186,451.306763,156.108139,449.60141,0.200000003,0.300000012,0.400000006
tiny,410,199.327179,623.863098,201.404068,624.133118,199.680252,625.940002,0.200000003,0.300000012,0.400000006
tiny,411,657.181946,616.581665,657.233154,616.882996,657.483276,616.62085,0.200000003,0.300000012,0.400000006
tiny,412,670.726746,468.152985,671.871277,468.301788,670.921326,469.297516,0.200000003,0.300000012,0.400000006
tiny,413,523.354736,88.3698425,523.59491,89.7824631,524.767334,88.5534821,0.200000003,0.300000012,0.400000006
tiny,414,191.510559,983.270813,193.449295,983.522827,191.840149,985.209534,0.200000003,0.300000012,0.400000006
tiny,415,268.494232,155.202545,268.55249,155.545181,268.836853,155.247086,0.200000003,0.300000012,0.400000006
tiny,416,685.138306,11.4198856,685.549438,11.4733315,685.208191,11.8310041,0.200000003,0.300000012,0.400000006
tiny,417,607.764893,399.915405,608.062561,401.666351,609.515808,400.143036,0.200000003,0.300000012,0.400000006
tiny,418,561.99231,87.3556442,563.772095,87.5870209,562.294861,89.1354523,0.200000003,0.300000012,0.400000006
tiny,419,515.482178,207.09787,515.51947,207.317261,515.701599,207.126389,0.200000003,0.300000012,0.400000006
tiny,420,339.783112,233.125061,340.213013,233.180954,339.856201,233.554962,0.200000003,0.300000012,0.400000006
tiny,421,269.904297,785.14093,270.107086,786.33374,271.097137,785.296021,0.200000003,0.300000012,0.400000006
tiny,422,364.446838,203.001007,365.610107,203.152237,364.644592,204.164276,0.200000003,0.300000012,0.400000006
tiny,423,304.904327,891.299194,305.244751,893.301697,306.90683,891.559509,0.200000003,0.300000012,0.400000006
tiny,424,215.230911,723.484619,216.615219,723.664551,215.466248,724.868896,0.200000003,0.300000012,0.400000006
tiny,425,830.13031,855.94165,830.17218,856.187805,830.376465,855.973633,0.200000003,0.300000012,0.400000006
tiny,426,507.824188,804.711365,508.716156,804.827332,507.97583,805.603333,0.200000003,0.300000012,0.400000006
tiny,427,207.610535,669.131775,207.785873,670.163208,208.641983,669.265869,0.200000003,0.300000012,0.400000006
tiny,428,258.488983,265.079712,260.627594,265.357727,258.852539,267.218323,0.200000003,0.300000012,0.400000006
tiny,429,837.50769,935.583984,837.623474,936.264893,838.188599,935.672485,0.200000003,0.300000012,0.400000006
tiny,430,102.894402,679.090942,104.977028,679.361694,103.248451,681.173584,0.200000003,0.300000012,0.400000006
tiny,431,915.911804,633.700195,916.209351,635.4505,917.662109,633.927734,0.200000003,0.300000012,0.400000006
tiny,432,495.730042,412.809753,497.820068,413.081451,496.085358,414.89978,0.200000003,0.300000012,0.400000006
tiny,433,253.445557,372.682434,253.563095,373.373779,254.136917,372.772308,0.200000003,0.300000012,0.400000006
tiny,434,12.1921844,824.327026,13.2623987,824.466125,12.3741207,825.397217,0.200000003,0.300000012,0.400000006
tiny,435,40.810955,261.693176,41.1758461,263.8396,42.9573822,261.972198,0.200000003,0.300000012,0.400000006
tiny,436,629.676575,231.469315,630.844788,231.621185,629.875183,232.637512,0.200000003,0.300000012,0.400000006
tiny,437,712.796631,1017.72504,713.062744,1019.29053,714.362122,1017.92853,0.200000003,0.300000012,0.400000006
tiny,438,979.101685,637.915649,980.554749,638.104553,979.348694,639.368713,0.200000003,0.300000012,0.400000006
tiny,439,338.726196,348.528442,338.854553,349.283447,339.481201,348.626587,0.200000003,0.300000012,0.400000006
tiny,440,285.631409,416.690063,287.198639,416.893799,285.897827,418.257294,0.200000003,0.300000012,0.400000006
tiny,441,683.258667,434.013336,683.345947,434.526855,683.772156,434.080078,0.200000003,0.300000012,0.400000006
tiny,442,538.707031,271.911102,540.739868,272.175385,539.052612,273.94397,0.200000003,0.300000012,0.400000006
tiny,443,863.069275,717.854858,863.08728,717.960632,863.175049,717.868591,0.200000003,0.300000012,0.400000006
tiny,444,819.305359,488.891541,821.271423,489.147125,819.639587,490.857605,0.200000003,0.300000012,0.400000006
tiny,445,46.6965561,218.076172,47.0042343,219.886032,48.506424,218.311447,0.200000003,0.300000012,0.400000006
tiny,446,697.40509,933.481812,699.736206,933.784851,697.801392,935.812927,0.200000003,0.300000012,0.400000006
tiny,447,292.17807,947.2677,292.33606,948.197144,293.107483,947.38855,0.200000003,0.300000012,0.400000006
tiny,448,553.315674,643.700195,553.499695,643.724121,553.346985,643.884216,0.200000003,0.300000012,0.400000006
tiny,449,968.101501,398.323669,968.211426,398.970123,968.747925,398.407715,0.200000003,0.300000012,0.400000006
tiny,450,325.738525,384.683685,326.301727,384.756897,325.834259,385.246887,0.200000003,0.300000012,0.400000006
tiny,451,107.463165,558.576233,107.729279,560.141602,109.028534,558.779724,0.200000003,0.300000012,0.400000006
tiny,452,977.525513,593.265625,979.721558,593.551086,977.898865,595.46167,0.200000003,0.300000012,0.400000006
tiny,453,713.109375,661.1698,713.451538,663.182617,715.122192,661.431458,0.200000003,0.300000012,0.400000006
tiny,454,920.78186,485.442322,921.712769,485.563354,920.940125,486.37326,0.200000003,0.300000012,0.400000006
tiny,455,738.397217,383.390625,738.453735,383.722931,738.729492,383.433838,0.200000003,0.300000012,0.400000006
tiny,456,228.189499,993.476135,229.410797,993.634888,228.397125,994.697449,0.200000003,0.300000012,0.400000006
tiny,457,214.58046,229.344833,215.004791,231.840912,217.076538,229.669327,0.200000003,0.300000012,0.400000006
tiny,458,481.527649,792.99353,482.575897,793.129822,481.705841,794.041809,0.200000003,0.300000012,0.400000006
tiny,459,911.63385,657.022095,911.721741,657.539185,912.15094,657.089294,0.200000003,0.300000012,0.400000006
tiny,460,533.972473,115.870453,535.187866,116.028458,534.179077,117.085854,0.200000003,0.300000012,0.400000006
tiny,461,620.53064,502.360901,620.907288,504.576324,622.746033,502.648895,0.200000003,0.300000012,0.400000006
tiny,462,828.480835,276.235168,828.746338,276.269684,828.526001,276.500671,0.200000003,0.300000012,0.400000006
tiny,463,819.16156,828.491028,819.174744,828.568542,819.239075,828.501099,0.200000003,0.300000012,0.400000006
tiny,464,787.138062,782.487488,789.545166,782.800415,787.547241,784.894592,0.200000003,0.300000012,0.400000006
tiny,465,520.806641,421.066467,521.032349,422.394196,522.134399,421.239075,0.200000003,0.300000012,0.400000006
tiny,466,682.742798,236.415146,683.711548,236.541077,682.907471,237.383896,0.200000003,0.300000012,0.400000006
tiny,467,139.884979,988.463196,139.965149,988.934814,140.356567,988.524475,0.200000003,0.300000012,0.400000006
tiny,468,120.858238,90.6619492,122.788002,90.9128189,121.186302,92.591713,0.200000003,0.300000012,0.400000006
tiny,469,901.652832,687.698669,901.888489,689.084839,903.039001,687.878845,0.200000003,0.300000012,0.400000006
tiny,470,143.20665,721.830566,143.868805,721.916626,143.319214,722.492737,0.200000003,0.300000012,0.400000006
tiny,471,900.706665,487.1987,901.044861,489.188141,902.696106,487.457336,0.200000003,0.300000012,0.400000006
tiny,472,159.220596,89.8139343,161.409805,90.0985336,159.592758,92.0031433,0.200000003,0.300000012,0.400000006
tiny,473,11.8774405,63.356472,12.2736444,65.6870804,14.2080517,63.6594505,0.200000003,0.300000012,0.400000006
tiny,474,626.585632,870.847168,626.811279,870.876526,626.624023,871.072815,0.200000003,0.300000012,0.400000006
tiny,475,432.561371,95.12603,432.854828,96.8523102,434.287659,95.3504486,0.200000003,0.300000012,0.400000006
tiny,476,224.819809,825.592896,225.87738,825.730408,224.999588,826.650452,0.200000003,0.300000012,0.400000006
tiny,477,528.117188,307.884186,528.290955,308.906189,529.13916,308.017059,0.200000003,0.300000012,0.400000006
tiny,478,257.938049,869.83783,259.388153,870.026367,258.18457,871.287903,0.200000003,0.300000012,0.400000006
tiny,479,412.770477,460.226685,413.151855,462.470001,415.013794,460.518311,0.200000003,0.300000012,0.400000006
tiny,480,966.679688,311.775818,968.165222,311.968933,966.932251,313.261322,0.200000003,0.300000012,0.400000006
tiny,481,315.951843,1018.26843,316.197144,1019.71143,317.394836,1018.45599,0.200000003,0.300000012,0.400000006
tiny,482,572.707153,539.512268,573.185547,539.574463,572.788513,539.990662,0.200000003,0.300000012,0.400000006
tiny,483,646.015808,547.419128,646.042358,547.575378,646.172058,547.439453,0.200000003,0.300000012,0.400000006
tiny,484,218.234131,326.408051,219.831741,326.615753,218.505722,328.005676,0.200000003,0.300000012,0.400000006
tiny,485,643.808289,781.674316,644.120239,783.509216,645.643188,781.912842,0.200000003,0.300000012,0.400000006
tiny,486,60.470314,883.038025,60.5901566,883.053589,60.4906883,883.157837,0.200000003,0.300000012,0.400000006
tiny,487,69.041748,795.466003,69.4379196,797.796448,71.3721848,795.768982,0.200000003,0.300000012,0.400000006
tiny,488,457.360046,733.65564,459.254211,733.901855,457.682068,735.549805,0.200000003,0.300000012,0.400000006
tiny,489,98.8717194,129.436783,99.0969086,130.761444,100.196381,129.608994,0.200000003,0.300000012,0.400000006
tiny,490,653.793823,587.833801,655.014954,587.992554,654.001404,589.054932,0.200000003,0.300000012,0.400000006
tiny,491,728.83606,0.908002794,729.116272,2.5564537,730.484497,1.12230134,0.200000003,0.300000012,0.400000006
tiny,492,515.26709,531.049805,516.42218,531.199951,515.46344,532.204895,0.200000003,0.300000012,0.400000006
tiny,493,85.1447067,684.219055,85.3257065,685.283752,86.2094116,684.357483,0.200000003,0.300000012,0.400000006
tiny,494,674.716858,689.716919,676.208496,689.910828,674.970459,691.208557,0.200000003,0.300000012,0.400000006
tiny,495,62.2220039,371.00769,62.2811394,371.35556,62.5698662,371.052917,0.200000003,0.300000012,0.400000006
tiny,496,702.025574,951.595154,704.104065,951.865356,702.378906,953.673645,0.200000003,0.300000012,0.400000006
tiny,497,591.169189,972.015625,591.417542,973.476624,592.630188,972.205566,0.200000003,0.300000012,0.400000006
tiny,498,261.217804,428.870056,262.156952,428.992157,261.377441,429.809204,0.200000003,0.300000012,0.400000006
tiny,499,800.026855,432.233246,800.299133,433.83493,801.62854,432.441467,0.200000003,0.300000012,0.400000006
tiny,500,533.536377,958.515076,535.735352,958.800964,533.910217,960.71405,0.200000003,0.300000012,0.400000006
tiny,501,648.793884,399.845917,648.978149,400.929871,649.877808,399.986816,0.200000003,0.300000012,0.400000006
tiny,502,526.459167,559.065125,528.219849,559.294006,526.758484,560.825806,0.200000003,0.300000012,0.400000006
tiny,503,146.360748,283.387695,146.545105,284.472137,147.44519,283.528687,0.200000003,0.300000012,0.400000006
tiny,504,885.559448,352.505341,886.687134,352.651947,885.75116,353.633026,0.200000003,0.300000012,0.400000006
tiny,505,968.889526,1005.34595,969.274109,1007.60834,971.151917,1005.64008,0.200000003,0.300000012,0.400000006
tiny,506,493.863678,877.648621,494.206604,877.693176,493.921967,877.991516,0.200000003,0.300000012,0.400000006
tiny,507,739.009094,1019.49237,739.261963,1020.97968,740.496399,1019.68573,0.200000003,0.300000012,0.400000006
tiny,508,849.991516,503.168488,851.266113,503.334167,850.208191,504.443054,0.200000003,0.300000012,0.400000006
tiny,509,454.780426,125.729675,455.105469,127.641754,456.692505,125.978249,0.200000003,0.300000012,0.400000006
tiny,510,685.835327,191.639954,686.298401,191.70015,685.914062,192.103012,0.200000003,0.300000012,0.400000006
tiny,511,745.897583,566.851562,746.101257,568.049561,747.095581,567.007324,0.200000003,0.300000012,0.400000006
thin,0,0.170000002,58.1957893,1023.69,965.804199,1023.38,966.272156,0.300000012,0.400000006,0.200000003
thin,1,0.170000002,8.99155235,1023.38,1015.58917,1023.69,1015.00842,0.300000012,0.400000006,0.200000003
thin,2,0.170000002,14.2748241,1023.69,1009.72516,1023.38,1010.86597,0.300000012,0.400000006,0.200000003
thin,3,0.170000002,94.2489624,1023.38,929.919312,1023.69,929.751038,0.300000012,0.400000006,0.200000003
thin,4,0.170000002,55.7952843,1023.69,968.204712,1023.38,969.310425,0.300000012,0.400000006,0.200000003
thin,5,0.170000002,85.3896027,1023.38,939.328796,1023.69,938.610413,0.300000012,0.400000006,0.200000003
thin,6,0.170000002,24.0062122,1023.69,999.993774,1023.38,1000.27417,0.300000012,0.400000006,0.200000003
thin,7,0.170000002,59.0379486,1023.38,965.504456,1023.69,964.962036,0.300000012,0.400000006,0.200000003
thin,8,0.170000002,50.0435028,1023.69,973.956482,1023.38,974.287415,0.300000012,0.400000006,0.200000003
thin,9,0.170000002,27.1818161,1023.38,997.504395,1023.69,996.818176,0.300000012,0.400000006,0.200000003
thin,10,0.170000002,34.7625465,1023.69,989.237427,1023.38,989.865845,0.300000012,0.400000006,0.200000003
thin,11,0.170000002,7.79264593,1023.38,1017.18005,1023.69,1016.20734,0.300000012,0.400000006,0.200000003
clipped,0,-202.019852,-276.480011,1433.59998,133.119995,276.480011,1331.19995,0.150000006,0.349999994,0.550000012
clipped,1,-125.581879,-276.480011,276.480011,1331.19995,1433.59998,133.119995,0.150000006,0.349999994,0.550000012
clipped,2,-173.146652,-276.480011,1433.59998,133.119995,276.480011,1331.19995,0.150000006,0.349999994,0.550000012
clipped,3,-383.329102,-276.480011,276.480011,1331.19995,1433.59998,133.119995,0.150000006,0.349999994,0.550000012
clipped,4,-408.495728,-276.480011,1433.59998,133.119995,276.480011,1331.19995,0.150000006,0.349999994,0.550000012
clipped,5,-293.71582,-276.480011,276.480011,1331.19995,1433.59998,133.119995,0.150000006,0.349999994,0.550000012
clipped,6,-169.779419,-276.480011,1433.59998,133.119995,276.480011,1331.19995,0.150000006,0.349999994,0.550000012
clipped,7,-317.869324,-276.480011,276.480011,1331.19995,1433.59998,133.119995,0.150000006,0.349999994,0.550000012
clipped,8,-319.974426,-276.480011,1433.59998,133.119995,276.480011,1331.19995,0.150000006,0.349999994,0.550000012
clipped,9,-319.900116,-276.480011,276.480011,1331.19995,1433.59998,133.119995,0.150000006,0.349999994,0.550000012
clipped,10,-237.219177,-276.480011,1433.59998,133.119995,276.480011,1331.19995,0.150000006,0.349999994,0.550000012
clipped,11,-283.584045,-276.480011,276.480011,1331.19995,1433.59998,133.119995,0.150000006,0.349999994,0.550000012
