scene,mode,median_ms,p95_ms,mae_8bit,rmse_8bit,edge_mae_8bit,max_error_8bit,retained_geometry_or_sample_bytes,framebuffer_bytes,foreground_pixels
diagonal,ssaa_1,0.0747,0.0753,1.71801,11.8635,52.4279,127.002,110592,27648,3023
diagonal,ssaa_4,0.101,0.109,0.57594,4.10078,17.5757,55.3445,442368,27648,3105
diagonal,ssaa_16,0.2052,0.6444,0.19979,1.39355,6.09691,21.0415,1769472,27648,3144
diagonal,analytic,2.0025,2.0501,0.00836227,0.0539267,0.255188,0.617676,1328,27648,3167
thin,ssaa_1,0.0649,0.0657,0.328796,6.08006,22.2807,244.479,110592,27648,5
thin,ssaa_4,0.0803,0.0803,0.23786,2.72012,16.1185,62.8794,442368,27648,29
thin,ssaa_16,0.1552,0.1671,0.0973164,1.08367,6.59462,31.0667,1769472,27648,65
thin,analytic,0.8128,0.8663,0.00374463,0.038631,0.253754,0.808838,1184,27648,128
shared_edge,ssaa_1,0.0814,0.0827,1.92576,12.8052,58.3808,126.504,110592,27648,4679
shared_edge,ssaa_4,0.117,0.1211,0.76754,5.30046,23.2686,58.8298,442368,27648,4753
shared_edge,ssaa_16,0.2424,0.2492,0.286489,1.93032,8.68514,25.4023,1769472,27648,4791
shared_edge,analytic,2.493,2.556,0.00832695,0.0535108,0.252438,0.597656,1704,27648,4822
overlap,ssaa_1,0.0863,0.0879,1.8866,12.4963,34.5664,195.857,110592,27648,4503
overlap,ssaa_4,0.1283,0.1661,0.664051,4.4771,12.1668,63.1274,442368,27648,4604
overlap,ssaa_16,0.271,0.2786,0.245027,1.68014,4.48941,24.4028,1769472,27648,4651
overlap,analytic,2.7723,2.8231,0.00938836,0.0566591,0.172014,0.67749,1792,27648,4688
gradient_clipped,ssaa_1,0.1194,0.1198,1.20357,8.46219,2.1809,127.752,110592,27648,4941
gradient_clipped,ssaa_4,0.181,0.185,0.51814,3.09699,0.938887,58.4599,442368,27648,5017
gradient_clipped,ssaa_16,0.412,0.4451,0.268946,1.19255,0.487339,25.3772,1769472,27648,5050
gradient_clipped,analytic,2.7129,2.7862,0.138105,0.214662,0.25025,0.615757,1328,27648,5080
