scene,mode,repeat,total_ms
diagonal,ssaa_1,0,0.0753
diagonal,ssaa_1,1,0.0748
diagonal,ssaa_1,2,0.0747
diagonal,ssaa_1,3,0.0747
diagonal,ssaa_1,4,0.0748
diagonal,ssaa_1,5,0.0747
diagonal,ssaa_1,6,0.075
diagonal,ssaa_1,7,0.0746
diagonal,ssaa_1,8,0.0746
diagonal,ssaa_1,9,0.0749
diagonal,ssaa_1,10,0.0747
diagonal,ssaa_4,0,0.109
diagonal,ssaa_4,1,0.1067
diagonal,ssaa_4,2,0.101
diagonal,ssaa_4,3,0.1017
diagonal,ssaa_4,4,0.1007
diagonal,ssaa_4,5,0.1006
diagonal,ssaa_4,6,0.101
diagonal,ssaa_4,7,0.1005
diagonal,ssaa_4,8,0.1006
diagonal,ssaa_4,9,0.1015
diagonal,ssaa_4,10,0.1014
diagonal,ssaa_16,0,0.2079
diagonal,ssaa_16,1,0.2052
diagonal,ssaa_16,2,0.2042
diagonal,ssaa_16,3,0.2103
diagonal,ssaa_16,4,0.2034
diagonal,ssaa_16,5,0.2042
diagonal,ssaa_16,6,0.2032
diagonal,ssaa_16,7,0.208
diagonal,ssaa_16,8,0.2043
diagonal,ssaa_16,9,0.225
diagonal,ssaa_16,10,0.6444
diagonal,analytic,0,1.9897
diagonal,analytic,1,2.0039
diagonal,analytic,2,2.0226
diagonal,analytic,3,2.0212
diagonal,analytic,4,2.0501
diagonal,analytic,5,1.9957
diagonal,analytic,6,1.9933
diagonal,analytic,7,1.9982
diagonal,analytic,8,1.9965
diagonal,analytic,9,2.0091
diagonal,analytic,10,2.0025
thin,ssaa_1,0,0.0648
thin,ssaa_1,1,0.065
thin,ssaa_1,2,0.065
thin,ssaa_1,3,0.0649
thin,ssaa_1,4,0.0649
thin,ssaa_1,5,0.0648
thin,ssaa_1,6,0.0657
thin,ssaa_1,7,0.0649
thin,ssaa_1,8,0.0649
thin,ssaa_1,9,0.0648
thin,ssaa_1,10,0.0648
thin,ssaa_4,0,0.0799
thin,ssaa_4,1,0.0803
thin,ssaa_4,2,0.0803
thin,ssaa_4,3,0.0803
thin,ssaa_4,4,0.0803
thin,ssaa_4,5,0.0803
thin,ssaa_4,6,0.0803
thin,ssaa_4,7,0.0803
thin,ssaa_4,8,0.0803
thin,ssaa_4,9,0.0803
thin,ssaa_4,10,0.0802
thin,ssaa_16,0,0.1671
thin,ssaa_16,1,0.1566
thin,ssaa_16,2,0.1563
thin,ssaa_16,3,0.1552
thin,ssaa_16,4,0.1631
thin,ssaa_16,5,0.1552
thin,ssaa_16,6,0.1586
thin,ssaa_16,7,0.1551
thin,ssaa_16,8,0.1548
thin,ssaa_16,9,0.1546
thin,ssaa_16,10,0.1547
thin,analytic,0,0.8276
thin,analytic,1,0.8663
thin,analytic,2,0.8133
thin,analytic,3,0.8066
thin,analytic,4,0.8101
thin,analytic,5,0.8093
thin,analytic,6,0.8086
thin,analytic,7,0.8513
thin,analytic,8,0.8082
thin,analytic,9,0.8188
thin,analytic,10,0.8128
shared_edge,ssaa_1,0,0.0827
shared_edge,ssaa_1,1,0.0819
shared_edge,ssaa_1,2,0.0814
shared_edge,ssaa_1,3,0.0813
shared_edge,ssaa_1,4,0.0813
shared_edge,ssaa_1,5,0.0812
shared_edge,ssaa_1,6,0.0812
shared_edge,ssaa_1,7,0.0816
shared_edge,ssaa_1,8,0.0816
shared_edge,ssaa_1,9,0.0816
shared_edge,ssaa_1,10,0.0812
shared_edge,ssaa_4,0,0.117
shared_edge,ssaa_4,1,0.1169
shared_edge,ssaa_4,2,0.1166
shared_edge,ssaa_4,3,0.117
shared_edge,ssaa_4,4,0.1169
shared_edge,ssaa_4,5,0.1177
shared_edge,ssaa_4,6,0.1161
shared_edge,ssaa_4,7,0.1174
shared_edge,ssaa_4,8,0.1171
shared_edge,ssaa_4,9,0.1163
shared_edge,ssaa_4,10,0.1211
shared_edge,ssaa_16,0,0.245
shared_edge,ssaa_16,1,0.2412
shared_edge,ssaa_16,2,0.2479
shared_edge,ssaa_16,3,0.2426
shared_edge,ssaa_16,4,0.2492
shared_edge,ssaa_16,5,0.2371
shared_edge,ssaa_16,6,0.241
shared_edge,ssaa_16,7,0.2423
shared_edge,ssaa_16,8,0.2424
shared_edge,ssaa_16,9,0.2424
shared_edge,ssaa_16,10,0.246
shared_edge,analytic,0,2.4911
shared_edge,analytic,1,2.4911
shared_edge,analytic,2,2.493
shared_edge,analytic,3,2.497
shared_edge,analytic,4,2.556
shared_edge,analytic,5,2.4932
shared_edge,analytic,6,2.4927
shared_edge,analytic,7,2.4912
shared_edge,analytic,8,2.5097
shared_edge,analytic,9,2.4956
shared_edge,analytic,10,2.491
overlap,ssaa_1,0,0.0872
overlap,ssaa_1,1,0.0879
overlap,ssaa_1,2,0.0866
overlap,ssaa_1,3,0.0863
overlap,ssaa_1,4,0.0862
overlap,ssaa_1,5,0.0871
overlap,ssaa_1,6,0.0862
overlap,ssaa_1,7,0.0862
overlap,ssaa_1,8,0.0862
overlap,ssaa_1,9,0.086
overlap,ssaa_1,10,0.0872
overlap,ssaa_4,0,0.1279
overlap,ssaa_4,1,0.1283
overlap,ssaa_4,2,0.1287
overlap,ssaa_4,3,0.1288
overlap,ssaa_4,4,0.1661
overlap,ssaa_4,5,0.1278
overlap,ssaa_4,6,0.1284
overlap,ssaa_4,7,0.132
overlap,ssaa_4,8,0.1273
overlap,ssaa_4,9,0.1273
overlap,ssaa_4,10,0.1278
overlap,ssaa_16,0,0.271
overlap,ssaa_16,1,0.2701
overlap,ssaa_16,2,0.2786
overlap,ssaa_16,3,0.2719
overlap,ssaa_16,4,0.2699
overlap,ssaa_16,5,0.2674
overlap,ssaa_16,6,0.2667
overlap,ssaa_16,7,0.2731
overlap,ssaa_16,8,0.271
overlap,ssaa_16,9,0.2716
overlap,ssaa_16,10,0.2674
overlap,analytic,0,2.8231
overlap,analytic,1,2.7644
overlap,analytic,2,2.7652
overlap,analytic,3,2.7723
overlap,analytic,4,2.7638
overlap,analytic,5,2.8089
overlap,analytic,6,2.7757
overlap,analytic,7,2.7879
overlap,analytic,8,2.7606
overlap,analytic,9,2.7676
overlap,analytic,10,2.8162
gradient_clipped,ssaa_1,0,0.1198
gradient_clipped,ssaa_1,1,0.1194
gradient_clipped,ssaa_1,2,0.1194
gradient_clipped,ssaa_1,3,0.1191
gradient_clipped,ssaa_1,4,0.1191
gradient_clipped,ssaa_1,5,0.1192
gradient_clipped,ssaa_1,6,0.1192
gradient_clipped,ssaa_1,7,0.1196
gradient_clipped,ssaa_1,8,0.1188
gradient_clipped,ssaa_1,9,0.1197
gradient_clipped,ssaa_1,10,0.1196
gradient_clipped,ssaa_4,0,0.1821
gradient_clipped,ssaa_4,1,0.1811
gradient_clipped,ssaa_4,2,0.1809
gradient_clipped,ssaa_4,3,0.181
gradient_clipped,ssaa_4,4,0.1808
gradient_clipped,ssaa_4,5,0.1807
gradient_clipped,ssaa_4,6,0.185
gradient_clipped,ssaa_4,7,0.181
gradient_clipped,ssaa_4,8,0.181
gradient_clipped,ssaa_4,9,0.1809
gradient_clipped,ssaa_4,10,0.1812
gradient_clipped,ssaa_16,0,0.4205
gradient_clipped,ssaa_16,1,0.412
gradient_clipped,ssaa_16,2,0.4104
gradient_clipped,ssaa_16,3,0.4103
gradient_clipped,ssaa_16,4,0.4128
gradient_clipped,ssaa_16,5,0.4093
gradient_clipped,ssaa_16,6,0.4122
gradient_clipped,ssaa_16,7,0.4451
gradient_clipped,ssaa_16,8,0.4181
gradient_clipped,ssaa_16,9,0.4099
gradient_clipped,ssaa_16,10,0.4096
gradient_clipped,analytic,0,2.6888
gradient_clipped,analytic,1,2.761
gradient_clipped,analytic,2,2.7037
gradient_clipped,analytic,3,2.6968
gradient_clipped,analytic,4,2.6946
gradient_clipped,analytic,5,2.7129
gradient_clipped,analytic,6,2.6933
gradient_clipped,analytic,7,2.7862
gradient_clipped,analytic,8,2.7326
gradient_clipped,analytic,9,2.7334
gradient_clipped,analytic,10,2.7572
