case,width,spp,method,backend,repeat,rasterize_ms,rgb_checksum,covered_samples
large,1024,1,direct_edges,scalar,0,29.1279,9022524255156508094,416077
large,1024,1,incremental,scalar,0,31.1984,9022524255156508094,416077
large,1024,1,simd,AVX 4-wide double,0,20.1575,9022524255156508094,416077
large,1024,1,incremental,scalar,1,36.8196,9022524255156508094,416077
large,1024,1,simd,AVX 4-wide double,1,22.5134,9022524255156508094,416077
large,1024,1,direct_edges,scalar,1,35.3757,9022524255156508094,416077
large,1024,1,simd,AVX 4-wide double,2,17.6779,9022524255156508094,416077
large,1024,1,direct_edges,scalar,2,29.3161,9022524255156508094,416077
large,1024,1,incremental,scalar,2,25.491,9022524255156508094,416077
large,1024,1,direct_edges,scalar,3,22.9515,9022524255156508094,416077
large,1024,1,incremental,scalar,3,29.9465,9022524255156508094,416077
large,1024,1,simd,AVX 4-wide double,3,14.5749,9022524255156508094,416077
large,1024,1,incremental,scalar,4,38.6741,9022524255156508094,416077
large,1024,1,simd,AVX 4-wide double,4,24.3042,9022524255156508094,416077
large,1024,1,direct_edges,scalar,4,28.4064,9022524255156508094,416077
large,1024,1,simd,AVX 4-wide double,5,24.3576,9022524255156508094,416077
large,1024,1,direct_edges,scalar,5,36.4812,9022524255156508094,416077
large,1024,1,incremental,scalar,5,32.8823,9022524255156508094,416077
large,1024,1,direct_edges,scalar,6,27.4501,9022524255156508094,416077
large,1024,1,incremental,scalar,6,29.1778,9022524255156508094,416077
large,1024,1,simd,AVX 4-wide double,6,14.3277,9022524255156508094,416077
large,1024,1,incremental,scalar,7,25.6453,9022524255156508094,416077
large,1024,1,simd,AVX 4-wide double,7,18.7089,9022524255156508094,416077
large,1024,1,direct_edges,scalar,7,33.9377,9022524255156508094,416077
large,1024,1,simd,AVX 4-wide double,8,24.454,9022524255156508094,416077
large,1024,1,direct_edges,scalar,8,31.7965,9022524255156508094,416077
large,1024,1,incremental,scalar,8,31.561,9022524255156508094,416077
large,1024,1,direct_edges,scalar,9,30.6241,9022524255156508094,416077
large,1024,1,incremental,scalar,9,34.2823,9022524255156508094,416077
large,1024,1,simd,AVX 4-wide double,9,15.2468,9022524255156508094,416077
large,1024,1,incremental,scalar,10,46.5887,9022524255156508094,416077
large,1024,1,simd,AVX 4-wide double,10,19.3601,9022524255156508094,416077
large,1024,1,direct_edges,scalar,10,27.976,9022524255156508094,416077
tiny,1024,1,direct_edges,scalar,0,0.0412,7928704013441160843,520
tiny,1024,1,incremental,scalar,0,0.0722,7928704013441160843,520
tiny,1024,1,simd,AVX 4-wide double,0,0.0793,7928704013441160843,520
tiny,1024,1,incremental,scalar,1,0.0651,7928704013441160843,520
tiny,1024,1,simd,AVX 4-wide double,1,0.0638,7928704013441160843,520
tiny,1024,1,direct_edges,scalar,1,0.0557,7928704013441160843,520
tiny,1024,1,simd,AVX 4-wide double,2,0.0735,7928704013441160843,520
tiny,1024,1,direct_edges,scalar,2,0.0569,7928704013441160843,520
tiny,1024,1,incremental,scalar,2,0.0578,7928704013441160843,520
tiny,1024,1,direct_edges,scalar,3,0.0533,7928704013441160843,520
tiny,1024,1,incremental,scalar,3,0.0519,7928704013441160843,520
tiny,1024,1,simd,AVX 4-wide double,3,0.0556,7928704013441160843,520
tiny,1024,1,incremental,scalar,4,0.0726,7928704013441160843,520
tiny,1024,1,simd,AVX 4-wide double,4,0.0737,7928704013441160843,520
tiny,1024,1,direct_edges,scalar,4,0.0554,7928704013441160843,520
tiny,1024,1,simd,AVX 4-wide double,5,0.0622,7928704013441160843,520
tiny,1024,1,direct_edges,scalar,5,0.0532,7928704013441160843,520
tiny,1024,1,incremental,scalar,5,0.0588,7928704013441160843,520
tiny,1024,1,direct_edges,scalar,6,0.0533,7928704013441160843,520
tiny,1024,1,incremental,scalar,6,0.0621,7928704013441160843,520
tiny,1024,1,simd,AVX 4-wide double,6,0.0705,7928704013441160843,520
tiny,1024,1,incremental,scalar,7,0.049,7928704013441160843,520
tiny,1024,1,simd,AVX 4-wide double,7,0.0548,7928704013441160843,520
tiny,1024,1,direct_edges,scalar,7,0.0539,7928704013441160843,520
tiny,1024,1,simd,AVX 4-wide double,8,0.0546,7928704013441160843,520
tiny,1024,1,direct_edges,scalar,8,0.0529,7928704013441160843,520
tiny,1024,1,incremental,scalar,8,0.0645,7928704013441160843,520
tiny,1024,1,direct_edges,scalar,9,0.0564,7928704013441160843,520
tiny,1024,1,incremental,scalar,9,0.0765,7928704013441160843,520
tiny,1024,1,simd,AVX 4-wide double,9,0.091,7928704013441160843,520
tiny,1024,1,incremental,scalar,10,0.0596,7928704013441160843,520
tiny,1024,1,simd,AVX 4-wide double,10,0.0684,7928704013441160843,520
tiny,1024,1,direct_edges,scalar,10,0.0631,7928704013441160843,520
thin,1024,1,direct_edges,scalar,0,41.4167,1752123998637820394,5209
thin,1024,1,incremental,scalar,0,40.5452,1752123998637820394,5209
thin,1024,1,simd,AVX 4-wide double,0,21.9395,1752123998637820394,5209
thin,1024,1,incremental,scalar,1,35.8714,1752123998637820394,5209
thin,1024,1,simd,AVX 4-wide double,1,17.3198,1752123998637820394,5209
thin,1024,1,direct_edges,scalar,1,32.8525,1752123998637820394,5209
thin,1024,1,simd,AVX 4-wide double,2,18.9706,1752123998637820394,5209
thin,1024,1,direct_edges,scalar,2,39.8142,1752123998637820394,5209
thin,1024,1,incremental,scalar,2,48.8118,1752123998637820394,5209
thin,1024,1,direct_edges,scalar,3,41.4859,1752123998637820394,5209
thin,1024,1,incremental,scalar,3,57.5734,1752123998637820394,5209
thin,1024,1,simd,AVX 4-wide double,3,21.1454,1752123998637820394,5209
thin,1024,1,incremental,scalar,4,54.54,1752123998637820394,5209
thin,1024,1,simd,AVX 4-wide double,4,22.5894,1752123998637820394,5209
thin,1024,1,direct_edges,scalar,4,47.4339,1752123998637820394,5209
thin,1024,1,simd,AVX 4-wide double,5,27.0498,1752123998637820394,5209
thin,1024,1,direct_edges,scalar,5,43.6907,1752123998637820394,5209
thin,1024,1,incremental,scalar,5,45.108,1752123998637820394,5209
thin,1024,1,direct_edges,scalar,6,38.7448,1752123998637820394,5209
thin,1024,1,incremental,scalar,6,48.091,1752123998637820394,5209
thin,1024,1,simd,AVX 4-wide double,6,25.123,1752123998637820394,5209
thin,1024,1,incremental,scalar,7,51.195,1752123998637820394,5209
thin,1024,1,simd,AVX 4-wide double,7,26.0747,1752123998637820394,5209
thin,1024,1,direct_edges,scalar,7,50.2285,1752123998637820394,5209
thin,1024,1,simd,AVX 4-wide double,8,26.0121,1752123998637820394,5209
thin,1024,1,direct_edges,scalar,8,49.1674,1752123998637820394,5209
thin,1024,1,incremental,scalar,8,50.2905,1752123998637820394,5209
thin,1024,1,direct_edges,scalar,9,49.994,1752123998637820394,5209
thin,1024,1,incremental,scalar,9,47.109,1752123998637820394,5209
thin,1024,1,simd,AVX 4-wide double,9,26.003,1752123998637820394,5209
thin,1024,1,incremental,scalar,10,45.1757,1752123998637820394,5209
thin,1024,1,simd,AVX 4-wide double,10,26.3291,1752123998637820394,5209
thin,1024,1,direct_edges,scalar,10,40.2436,1752123998637820394,5209
clipped,1024,1,direct_edges,scalar,0,55.4854,7096176196260065515,917242
clipped,1024,1,incremental,scalar,0,59.668,7096176196260065515,917242
clipped,1024,1,simd,AVX 4-wide double,0,32.5987,7096176196260065515,917242
clipped,1024,1,incremental,scalar,1,66.2075,7096176196260065515,917242
clipped,1024,1,simd,AVX 4-wide double,1,37.6515,7096176196260065515,917242
clipped,1024,1,direct_edges,scalar,1,62.4287,7096176196260065515,917242
clipped,1024,1,simd,AVX 4-wide double,2,38.1726,7096176196260065515,917242
clipped,1024,1,direct_edges,scalar,2,54.4473,7096176196260065515,917242
clipped,1024,1,incremental,scalar,2,56.7476,7096176196260065515,917242
clipped,1024,1,direct_edges,scalar,3,58.6835,7096176196260065515,917242
clipped,1024,1,incremental,scalar,3,66.8233,7096176196260065515,917242
clipped,1024,1,simd,AVX 4-wide double,3,33.9088,7096176196260065515,917242
clipped,1024,1,incremental,scalar,4,71.6847,7096176196260065515,917242
clipped,1024,1,simd,AVX 4-wide double,4,43.1584,7096176196260065515,917242
clipped,1024,1,direct_edges,scalar,4,54.9635,7096176196260065515,917242
clipped,1024,1,simd,AVX 4-wide double,5,24.9723,7096176196260065515,917242
clipped,1024,1,direct_edges,scalar,5,39.6116,7096176196260065515,917242
clipped,1024,1,incremental,scalar,5,45.7172,7096176196260065515,917242
clipped,1024,1,direct_edges,scalar,6,45.0085,7096176196260065515,917242
clipped,1024,1,incremental,scalar,6,67.5528,7096176196260065515,917242
clipped,1024,1,simd,AVX 4-wide double,6,38.9009,7096176196260065515,917242
clipped,1024,1,incremental,scalar,7,52.6803,7096176196260065515,917242
clipped,1024,1,simd,AVX 4-wide double,7,38.8696,7096176196260065515,917242
clipped,1024,1,direct_edges,scalar,7,56.998,7096176196260065515,917242
clipped,1024,1,simd,AVX 4-wide double,8,35.7931,7096176196260065515,917242
clipped,1024,1,direct_edges,scalar,8,48.2083,7096176196260065515,917242
clipped,1024,1,incremental,scalar,8,56.6259,7096176196260065515,917242
clipped,1024,1,direct_edges,scalar,9,43.1198,7096176196260065515,917242
clipped,1024,1,incremental,scalar,9,48.7022,7096176196260065515,917242
clipped,1024,1,simd,AVX 4-wide double,9,37.2194,7096176196260065515,917242
clipped,1024,1,incremental,scalar,10,61.229,7096176196260065515,917242
clipped,1024,1,simd,AVX 4-wide double,10,37.3478,7096176196260065515,917242
clipped,1024,1,direct_edges,scalar,10,40.9662,7096176196260065515,917242
large,1024,4,direct_edges,scalar,0,89.613,1128189898015594389,1664291
large,1024,4,incremental,scalar,0,77.4548,1128189898015594389,1664291
large,1024,4,simd,AVX 4-wide double,0,52.091,1128189898015594389,1664291
large,1024,4,incremental,scalar,1,77.8144,1128189898015594389,1664291
large,1024,4,simd,AVX 4-wide double,1,42.6386,1128189898015594389,1664291
large,1024,4,direct_edges,scalar,1,83.0566,1128189898015594389,1664291
large,1024,4,simd,AVX 4-wide double,2,47.545,1128189898015594389,1664291
large,1024,4,direct_edges,scalar,2,86.4607,1128189898015594389,1664291
large,1024,4,incremental,scalar,2,88.3702,1128189898015594389,1664291
large,1024,4,direct_edges,scalar,3,87.7182,1128189898015594389,1664291
large,1024,4,incremental,scalar,3,86.4568,1128189898015594389,1664291
large,1024,4,simd,AVX 4-wide double,3,46.8404,1128189898015594389,1664291
large,1024,4,incremental,scalar,4,80.5361,1128189898015594389,1664291
large,1024,4,simd,AVX 4-wide double,4,37.7339,1128189898015594389,1664291
large,1024,4,direct_edges,scalar,4,87.2316,1128189898015594389,1664291
large,1024,4,simd,AVX 4-wide double,5,43.509,1128189898015594389,1664291
large,1024,4,direct_edges,scalar,5,94.9517,1128189898015594389,1664291
large,1024,4,incremental,scalar,5,78.7624,1128189898015594389,1664291
large,1024,4,direct_edges,scalar,6,90.8718,1128189898015594389,1664291
large,1024,4,incremental,scalar,6,90.7272,1128189898015594389,1664291
large,1024,4,simd,AVX 4-wide double,6,37.6795,1128189898015594389,1664291
large,1024,4,incremental,scalar,7,73.0555,1128189898015594389,1664291
large,1024,4,simd,AVX 4-wide double,7,42.616,1128189898015594389,1664291
large,1024,4,direct_edges,scalar,7,83.1287,1128189898015594389,1664291
large,1024,4,simd,AVX 4-wide double,8,38.7732,1128189898015594389,1664291
large,1024,4,direct_edges,scalar,8,78.1365,1128189898015594389,1664291
large,1024,4,incremental,scalar,8,76.8519,1128189898015594389,1664291
large,1024,4,direct_edges,scalar,9,94.8927,1128189898015594389,1664291
large,1024,4,incremental,scalar,9,83.3924,1128189898015594389,1664291
large,1024,4,simd,AVX 4-wide double,9,54.2906,1128189898015594389,1664291
large,1024,4,incremental,scalar,10,94.3984,1128189898015594389,1664291
large,1024,4,simd,AVX 4-wide double,10,48.123,1128189898015594389,1664291
large,1024,4,direct_edges,scalar,10,91.9906,1128189898015594389,1664291
tiny,1024,4,direct_edges,scalar,0,0.1022,14557618959234153783,2199
tiny,1024,4,incremental,scalar,0,0.1568,14557618959234153783,2199
tiny,1024,4,simd,AVX 4-wide double,0,0.147,14557618959234153783,2199
tiny,1024,4,incremental,scalar,1,0.1176,14557618959234153783,2199
tiny,1024,4,simd,AVX 4-wide double,1,0.1317,14557618959234153783,2199
tiny,1024,4,direct_edges,scalar,1,0.1294,14557618959234153783,2199
tiny,1024,4,simd,AVX 4-wide double,2,0.1446,14557618959234153783,2199
tiny,1024,4,direct_edges,scalar,2,0.1248,14557618959234153783,2199
tiny,1024,4,incremental,scalar,2,0.1221,14557618959234153783,2199
tiny,1024,4,direct_edges,scalar,3,0.1158,14557618959234153783,2199
tiny,1024,4,incremental,scalar,3,0.1116,14557618959234153783,2199
tiny,1024,4,simd,AVX 4-wide double,3,0.1593,14557618959234153783,2199
tiny,1024,4,incremental,scalar,4,0.1398,14557618959234153783,2199
tiny,1024,4,simd,AVX 4-wide double,4,0.1489,14557618959234153783,2199
tiny,1024,4,direct_edges,scalar,4,0.1281,14557618959234153783,2199
tiny,1024,4,simd,AVX 4-wide double,5,0.1291,14557618959234153783,2199
tiny,1024,4,direct_edges,scalar,5,0.2655,14557618959234153783,2199
tiny,1024,4,incremental,scalar,5,0.1377,14557618959234153783,2199
tiny,1024,4,direct_edges,scalar,6,0.1848,14557618959234153783,2199
tiny,1024,4,incremental,scalar,6,0.1611,14557618959234153783,2199
tiny,1024,4,simd,AVX 4-wide double,6,0.1629,14557618959234153783,2199
tiny,1024,4,incremental,scalar,7,0.1257,14557618959234153783,2199
tiny,1024,4,simd,AVX 4-wide double,7,0.1852,14557618959234153783,2199
tiny,1024,4,direct_edges,scalar,7,0.1218,14557618959234153783,2199
tiny,1024,4,simd,AVX 4-wide double,8,0.1679,14557618959234153783,2199
tiny,1024,4,direct_edges,scalar,8,0.1815,14557618959234153783,2199
tiny,1024,4,incremental,scalar,8,0.1868,14557618959234153783,2199
tiny,1024,4,direct_edges,scalar,9,0.1434,14557618959234153783,2199
tiny,1024,4,incremental,scalar,9,0.1225,14557618959234153783,2199
tiny,1024,4,simd,AVX 4-wide double,9,0.1328,14557618959234153783,2199
tiny,1024,4,incremental,scalar,10,0.1557,14557618959234153783,2199
tiny,1024,4,simd,AVX 4-wide double,10,0.1327,14557618959234153783,2199
tiny,1024,4,direct_edges,scalar,10,0.1513,14557618959234153783,2199
thin,1024,4,direct_edges,scalar,0,139.1998,9468072541519371686,20828
thin,1024,4,incremental,scalar,0,125.7256,9468072541519371686,20828
thin,1024,4,simd,AVX 4-wide double,0,53.0934,9468072541519371686,20828
thin,1024,4,incremental,scalar,1,103.3071,9468072541519371686,20828
thin,1024,4,simd,AVX 4-wide double,1,47.0251,9468072541519371686,20828
thin,1024,4,direct_edges,scalar,1,124.4594,9468072541519371686,20828
thin,1024,4,simd,AVX 4-wide double,2,43.1699,9468072541519371686,20828
thin,1024,4,direct_edges,scalar,2,135.4543,9468072541519371686,20828
thin,1024,4,incremental,scalar,2,129.7583,9468072541519371686,20828
thin,1024,4,direct_edges,scalar,3,140.6987,9468072541519371686,20828
thin,1024,4,incremental,scalar,3,120.3644,9468072541519371686,20828
thin,1024,4,simd,AVX 4-wide double,3,48.8657,9468072541519371686,20828
thin,1024,4,incremental,scalar,4,101.7374,9468072541519371686,20828
thin,1024,4,simd,AVX 4-wide double,4,53.9057,9468072541519371686,20828
thin,1024,4,direct_edges,scalar,4,121.5606,9468072541519371686,20828
thin,1024,4,simd,AVX 4-wide double,5,49.6437,9468072541519371686,20828
thin,1024,4,direct_edges,scalar,5,120.5528,9468072541519371686,20828
thin,1024,4,incremental,scalar,5,129.6878,9468072541519371686,20828
thin,1024,4,direct_edges,scalar,6,138.1052,9468072541519371686,20828
thin,1024,4,incremental,scalar,6,110.2008,9468072541519371686,20828
thin,1024,4,simd,AVX 4-wide double,6,45.9126,9468072541519371686,20828
thin,1024,4,incremental,scalar,7,122.5509,9468072541519371686,20828
thin,1024,4,simd,AVX 4-wide double,7,48.8112,9468072541519371686,20828
thin,1024,4,direct_edges,scalar,7,115.1917,9468072541519371686,20828
thin,1024,4,simd,AVX 4-wide double,8,49.9081,9468072541519371686,20828
thin,1024,4,direct_edges,scalar,8,126.1905,9468072541519371686,20828
thin,1024,4,incremental,scalar,8,124.1282,9468072541519371686,20828
thin,1024,4,direct_edges,scalar,9,139.0207,9468072541519371686,20828
thin,1024,4,incremental,scalar,9,128.2768,9468072541519371686,20828
thin,1024,4,simd,AVX 4-wide double,9,45.6087,9468072541519371686,20828
thin,1024,4,incremental,scalar,10,109.5266,9468072541519371686,20828
thin,1024,4,simd,AVX 4-wide double,10,50.4864,9468072541519371686,20828
thin,1024,4,direct_edges,scalar,10,125.7429,9468072541519371686,20828
clipped,1024,4,direct_edges,scalar,0,152.0744,16477163170593578517,3668974
clipped,1024,4,incremental,scalar,0,151.3594,16477163170593578517,3668974
clipped,1024,4,simd,AVX 4-wide double,0,79.9242,16477163170593578517,3668974
clipped,1024,4,incremental,scalar,1,154.8595,16477163170593578517,3668974
clipped,1024,4,simd,AVX 4-wide double,1,86.2038,16477163170593578517,3668974
clipped,1024,4,direct_edges,scalar,1,155.7006,16477163170593578517,3668974
clipped,1024,4,simd,AVX 4-wide double,2,103.4132,16477163170593578517,3668974
clipped,1024,4,direct_edges,scalar,2,162.7285,16477163170593578517,3668974
clipped,1024,4,incremental,scalar,2,151.1097,16477163170593578517,3668974
clipped,1024,4,direct_edges,scalar,3,147.513,16477163170593578517,3668974
clipped,1024,4,incremental,scalar,3,151.7807,16477163170593578517,3668974
clipped,1024,4,simd,AVX 4-wide double,3,95.3137,16477163170593578517,3668974
clipped,1024,4,incremental,scalar,4,158.4235,16477163170593578517,3668974
clipped,1024,4,simd,AVX 4-wide double,4,92.3402,16477163170593578517,3668974
clipped,1024,4,direct_edges,scalar,4,151.5977,16477163170593578517,3668974
clipped,1024,4,simd,AVX 4-wide double,5,67.4355,16477163170593578517,3668974
clipped,1024,4,direct_edges,scalar,5,150.5861,16477163170593578517,3668974
clipped,1024,4,incremental,scalar,5,142.8008,16477163170593578517,3668974
clipped,1024,4,direct_edges,scalar,6,166.3995,16477163170593578517,3668974
clipped,1024,4,incremental,scalar,6,157.7807,16477163170593578517,3668974
clipped,1024,4,simd,AVX 4-wide double,6,84.3045,16477163170593578517,3668974
clipped,1024,4,incremental,scalar,7,142.0695,16477163170593578517,3668974
clipped,1024,4,simd,AVX 4-wide double,7,93.6381,16477163170593578517,3668974
clipped,1024,4,direct_edges,scalar,7,142.773,16477163170593578517,3668974
clipped,1024,4,simd,AVX 4-wide double,8,70.1119,16477163170593578517,3668974
clipped,1024,4,direct_edges,scalar,8,148.0968,16477163170593578517,3668974
clipped,1024,4,incremental,scalar,8,151.4407,16477163170593578517,3668974
clipped,1024,4,direct_edges,scalar,9,157.4794,16477163170593578517,3668974
clipped,1024,4,incremental,scalar,9,163.1649,16477163170593578517,3668974
clipped,1024,4,simd,AVX 4-wide double,9,72.6215,16477163170593578517,3668974
clipped,1024,4,incremental,scalar,10,149.5678,16477163170593578517,3668974
clipped,1024,4,simd,AVX 4-wide double,10,97.7959,16477163170593578517,3668974
clipped,1024,4,direct_edges,scalar,10,157.7402,16477163170593578517,3668974
large,1024,16,direct_edges,scalar,0,279.3089,14746960826449265448,6657152
large,1024,16,incremental,scalar,0,251.5738,14746960826449265448,6657152
large,1024,16,simd,AVX 4-wide double,0,123.2043,14746960826449265448,6657152
large,1024,16,incremental,scalar,1,227.9779,14746960826449265448,6657152
large,1024,16,simd,AVX 4-wide double,1,136.9639,14746960826449265448,6657152
large,1024,16,direct_edges,scalar,1,281.011,14746960826449265448,6657152
large,1024,16,simd,AVX 4-wide double,2,117.5314,14746960826449265448,6657152
large,1024,16,direct_edges,scalar,2,264.1422,14746960826449265448,6657152
large,1024,16,incremental,scalar,2,264.9275,14746960826449265448,6657152
large,1024,16,direct_edges,scalar,3,261.3738,14746960826449265448,6657152
large,1024,16,incremental,scalar,3,275.4186,14746960826449265448,6657152
large,1024,16,simd,AVX 4-wide double,3,150.9586,14746960826449265448,6657152
large,1024,16,incremental,scalar,4,269.4635,14746960826449265448,6657152
large,1024,16,simd,AVX 4-wide double,4,120.9296,14746960826449265448,6657152
large,1024,16,direct_edges,scalar,4,261.1312,14746960826449265448,6657152
large,1024,16,simd,AVX 4-wide double,5,116.9377,14746960826449265448,6657152
large,1024,16,direct_edges,scalar,5,284.8548,14746960826449265448,6657152
large,1024,16,incremental,scalar,5,233.5538,14746960826449265448,6657152
large,1024,16,direct_edges,scalar,6,259.7019,14746960826449265448,6657152
large,1024,16,incremental,scalar,6,258.2956,14746960826449265448,6657152
large,1024,16,simd,AVX 4-wide double,6,124.8901,14746960826449265448,6657152
large,1024,16,incremental,scalar,7,229.7425,14746960826449265448,6657152
large,1024,16,simd,AVX 4-wide double,7,118.6444,14746960826449265448,6657152
large,1024,16,direct_edges,scalar,7,264.3851,14746960826449265448,6657152
large,1024,16,simd,AVX 4-wide double,8,118.7702,14746960826449265448,6657152
large,1024,16,direct_edges,scalar,8,256.4147,14746960826449265448,6657152
large,1024,16,incremental,scalar,8,231.0933,14746960826449265448,6657152
large,1024,16,direct_edges,scalar,9,262.2722,14746960826449265448,6657152
large,1024,16,incremental,scalar,9,228.8036,14746960826449265448,6657152
large,1024,16,simd,AVX 4-wide double,9,124.3805,14746960826449265448,6657152
large,1024,16,incremental,scalar,10,241.954,14746960826449265448,6657152
large,1024,16,simd,AVX 4-wide double,10,129.6968,14746960826449265448,6657152
large,1024,16,direct_edges,scalar,10,278.858,14746960826449265448,6657152
tiny,1024,16,direct_edges,scalar,0,0.2625,11208070672473419288,8779
tiny,1024,16,incremental,scalar,0,0.2998,11208070672473419288,8779
tiny,1024,16,simd,AVX 4-wide double,0,0.2682,11208070672473419288,8779
tiny,1024,16,incremental,scalar,1,0.3476,11208070672473419288,8779
tiny,1024,16,simd,AVX 4-wide double,1,0.2975,11208070672473419288,8779
tiny,1024,16,direct_edges,scalar,1,0.2855,11208070672473419288,8779
tiny,1024,16,simd,AVX 4-wide double,2,0.3162,11208070672473419288,8779
tiny,1024,16,direct_edges,scalar,2,0.2661,11208070672473419288,8779
tiny,1024,16,incremental,scalar,2,0.2706,11208070672473419288,8779
tiny,1024,16,direct_edges,scalar,3,0.3002,11208070672473419288,8779
tiny,1024,16,incremental,scalar,3,0.3003,11208070672473419288,8779
tiny,1024,16,simd,AVX 4-wide double,3,0.377,11208070672473419288,8779
tiny,1024,16,incremental,scalar,4,0.2978,11208070672473419288,8779
tiny,1024,16,simd,AVX 4-wide double,4,0.3001,11208070672473419288,8779
tiny,1024,16,direct_edges,scalar,4,0.3404,11208070672473419288,8779
tiny,1024,16,simd,AVX 4-wide double,5,0.3726,11208070672473419288,8779
tiny,1024,16,direct_edges,scalar,5,0.2462,11208070672473419288,8779
tiny,1024,16,incremental,scalar,5,0.3137,11208070672473419288,8779
tiny,1024,16,direct_edges,scalar,6,0.2708,11208070672473419288,8779
tiny,1024,16,incremental,scalar,6,0.4086,11208070672473419288,8779
tiny,1024,16,simd,AVX 4-wide double,6,0.2782,11208070672473419288,8779
tiny,1024,16,incremental,scalar,7,0.2635,11208070672473419288,8779
tiny,1024,16,simd,AVX 4-wide double,7,0.2933,11208070672473419288,8779
tiny,1024,16,direct_edges,scalar,7,0.2764,11208070672473419288,8779
tiny,1024,16,simd,AVX 4-wide double,8,0.2741,11208070672473419288,8779
tiny,1024,16,direct_edges,scalar,8,0.2608,11208070672473419288,8779
tiny,1024,16,incremental,scalar,8,0.2797,11208070672473419288,8779
tiny,1024,16,direct_edges,scalar,9,0.2702,11208070672473419288,8779
tiny,1024,16,incremental,scalar,9,0.2653,11208070672473419288,8779
tiny,1024,16,simd,AVX 4-wide double,9,0.2831,11208070672473419288,8779
tiny,1024,16,incremental,scalar,10,0.3762,11208070672473419288,8779
tiny,1024,16,simd,AVX 4-wide double,10,0.2844,11208070672473419288,8779
tiny,1024,16,direct_edges,scalar,10,0.2632,11208070672473419288,8779
thin,1024,16,direct_edges,scalar,0,403.5652,14280779890554962872,83291
thin,1024,16,incremental,scalar,0,347.5008,14280779890554962872,83291
thin,1024,16,simd,AVX 4-wide double,0,112.1614,14280779890554962872,83291
thin,1024,16,incremental,scalar,1,414.7081,14280779890554962872,83291
thin,1024,16,simd,AVX 4-wide double,1,123.4437,14280779890554962872,83291
thin,1024,16,direct_edges,scalar,1,396.9562,14280779890554962872,83291
thin,1024,16,simd,AVX 4-wide double,2,127.3908,14280779890554962872,83291
thin,1024,16,direct_edges,scalar,2,409.7332,14280779890554962872,83291
thin,1024,16,incremental,scalar,2,413.5852,14280779890554962872,83291
thin,1024,16,direct_edges,scalar,3,428.0533,14280779890554962872,83291
thin,1024,16,incremental,scalar,3,359.9608,14280779890554962872,83291
thin,1024,16,simd,AVX 4-wide double,3,123.6277,14280779890554962872,83291
thin,1024,16,incremental,scalar,4,355.4907,14280779890554962872,83291
thin,1024,16,simd,AVX 4-wide double,4,113.2108,14280779890554962872,83291
thin,1024,16,direct_edges,scalar,4,388.6113,14280779890554962872,83291
thin,1024,16,simd,AVX 4-wide double,5,124.1639,14280779890554962872,83291
thin,1024,16,direct_edges,scalar,5,364.6658,14280779890554962872,83291
thin,1024,16,incremental,scalar,5,362.2701,14280779890554962872,83291
thin,1024,16,direct_edges,scalar,6,393.133,14280779890554962872,83291
thin,1024,16,incremental,scalar,6,347.5858,14280779890554962872,83291
thin,1024,16,simd,AVX 4-wide double,6,117.3659,14280779890554962872,83291
thin,1024,16,incremental,scalar,7,370.0937,14280779890554962872,83291
thin,1024,16,simd,AVX 4-wide double,7,113.775,14280779890554962872,83291
thin,1024,16,direct_edges,scalar,7,386.6202,14280779890554962872,83291
thin,1024,16,simd,AVX 4-wide double,8,118.6373,14280779890554962872,83291
thin,1024,16,direct_edges,scalar,8,373.1279,14280779890554962872,83291
thin,1024,16,incremental,scalar,8,346.9489,14280779890554962872,83291
thin,1024,16,direct_edges,scalar,9,367.8136,14280779890554962872,83291
thin,1024,16,incremental,scalar,9,354.0269,14280779890554962872,83291
thin,1024,16,simd,AVX 4-wide double,9,113.3788,14280779890554962872,83291
thin,1024,16,incremental,scalar,10,380.6728,14280779890554962872,83291
thin,1024,16,simd,AVX 4-wide double,10,110.9162,14280779890554962872,83291
thin,1024,16,direct_edges,scalar,10,390.9093,14280779890554962872,83291
clipped,1024,16,direct_edges,scalar,0,463.3664,8700960317828194727,14675903
clipped,1024,16,incremental,scalar,0,419.0389,8700960317828194727,14675903
clipped,1024,16,simd,AVX 4-wide double,0,224.656,8700960317828194727,14675903
clipped,1024,16,incremental,scalar,1,469.9122,8700960317828194727,14675903
clipped,1024,16,simd,AVX 4-wide double,1,222.9506,8700960317828194727,14675903
clipped,1024,16,direct_edges,scalar,1,469.7375,8700960317828194727,14675903
clipped,1024,16,simd,AVX 4-wide double,2,245.5741,8700960317828194727,14675903
clipped,1024,16,direct_edges,scalar,2,467.9137,8700960317828194727,14675903
clipped,1024,16,incremental,scalar,2,454.1094,8700960317828194727,14675903
clipped,1024,16,direct_edges,scalar,3,458.3775,8700960317828194727,14675903
clipped,1024,16,incremental,scalar,3,459.3256,8700960317828194727,14675903
clipped,1024,16,simd,AVX 4-wide double,3,225.4817,8700960317828194727,14675903
clipped,1024,16,incremental,scalar,4,458.1867,8700960317828194727,14675903
clipped,1024,16,simd,AVX 4-wide double,4,221.0034,8700960317828194727,14675903
clipped,1024,16,direct_edges,scalar,4,479.6587,8700960317828194727,14675903
clipped,1024,16,simd,AVX 4-wide double,5,256.3563,8700960317828194727,14675903
clipped,1024,16,direct_edges,scalar,5,463.8595,8700960317828194727,14675903
clipped,1024,16,incremental,scalar,5,463.036,8700960317828194727,14675903
clipped,1024,16,direct_edges,scalar,6,460.7187,8700960317828194727,14675903
clipped,1024,16,incremental,scalar,6,514.1654,8700960317828194727,14675903
clipped,1024,16,simd,AVX 4-wide double,6,217.7632,8700960317828194727,14675903
clipped,1024,16,incremental,scalar,7,453.7147,8700960317828194727,14675903
clipped,1024,16,simd,AVX 4-wide double,7,230.8628,8700960317828194727,14675903
clipped,1024,16,direct_edges,scalar,7,494.5439,8700960317828194727,14675903
clipped,1024,16,simd,AVX 4-wide double,8,252.619,8700960317828194727,14675903
clipped,1024,16,direct_edges,scalar,8,453.6711,8700960317828194727,14675903
clipped,1024,16,incremental,scalar,8,481.1544,8700960317828194727,14675903
clipped,1024,16,direct_edges,scalar,9,461.2311,8700960317828194727,14675903
clipped,1024,16,incremental,scalar,9,493.4213,8700960317828194727,14675903
clipped,1024,16,simd,AVX 4-wide double,9,225.8008,8700960317828194727,14675903
clipped,1024,16,incremental,scalar,10,456.2793,8700960317828194727,14675903
clipped,1024,16,simd,AVX 4-wide double,10,226.046,8700960317828194727,14675903
clipped,1024,16,direct_edges,scalar,10,466.6118,8700960317828194727,14675903
