case,shader,spp,reference,candidate,different_pixels,different_coverage_samples,different_float_samples,max_float_error,rgb_checksum
large,constant,1,direct_edges,incremental,0,0,0,0,9022524255156508094
large,constant,1,incremental,incremental,0,0,0,0,9022524255156508094
large,constant,1,direct_edges,simd,0,0,0,0,9022524255156508094
large,constant,1,incremental,simd,0,0,0,0,9022524255156508094
large,barycentric_color,1,direct_edges,incremental,0,0,0,0,9669475247795762058
large,barycentric_color,1,incremental,incremental,0,0,0,0,9669475247795762058
large,barycentric_color,1,direct_edges,simd,0,0,0,0,9669475247795762058
large,barycentric_color,1,incremental,simd,0,0,0,0,9669475247795762058
large,texture,1,direct_edges,incremental,0,0,0,0,13864993800264825505
large,texture,1,incremental,incremental,0,0,0,0,13864993800264825505
large,texture,1,direct_edges,simd,0,0,0,0,13864993800264825505
large,texture,1,incremental,simd,0,0,0,0,13864993800264825505
tiny,constant,1,direct_edges,incremental,0,0,0,0,7928704013441160843
tiny,constant,1,incremental,incremental,0,0,0,0,7928704013441160843
tiny,constant,1,direct_edges,simd,0,0,0,0,7928704013441160843
tiny,constant,1,incremental,simd,0,0,0,0,7928704013441160843
tiny,barycentric_color,1,direct_edges,incremental,0,0,0,0,9690222627027848737
tiny,barycentric_color,1,incremental,incremental,0,0,0,0,9690222627027848737
tiny,barycentric_color,1,direct_edges,simd,0,0,0,0,9690222627027848737
tiny,barycentric_color,1,incremental,simd,0,0,0,0,9690222627027848737
tiny,texture,1,direct_edges,incremental,0,0,0,0,6343061222558974037
tiny,texture,1,incremental,incremental,0,0,0,0,6343061222558974037
tiny,texture,1,direct_edges,simd,0,0,0,0,6343061222558974037
tiny,texture,1,incremental,simd,0,0,0,0,6343061222558974037
thin,constant,1,direct_edges,incremental,0,0,0,0,1752123998637820394
thin,constant,1,incremental,incremental,0,0,0,0,1752123998637820394
thin,constant,1,direct_edges,simd,0,0,0,0,1752123998637820394
thin,constant,1,incremental,simd,0,0,0,0,1752123998637820394
thin,barycentric_color,1,direct_edges,incremental,0,0,0,0,15721715190628442900
thin,barycentric_color,1,incremental,incremental,0,0,0,0,15721715190628442900
thin,barycentric_color,1,direct_edges,simd,0,0,0,0,15721715190628442900
thin,barycentric_color,1,incremental,simd,0,0,0,0,15721715190628442900
thin,texture,1,direct_edges,incremental,0,0,0,0,466974427761142788
thin,texture,1,incremental,incremental,0,0,0,0,466974427761142788
thin,texture,1,direct_edges,simd,0,0,0,0,466974427761142788
thin,texture,1,incremental,simd,0,0,0,0,466974427761142788
clipped,constant,1,direct_edges,incremental,0,0,0,0,7096176196260065515
clipped,constant,1,incremental,incremental,0,0,0,0,7096176196260065515
clipped,constant,1,direct_edges,simd,0,0,0,0,7096176196260065515
clipped,constant,1,incremental,simd,0,0,0,0,7096176196260065515
clipped,barycentric_color,1,direct_edges,incremental,0,0,0,0,5648290436573883999
clipped,barycentric_color,1,incremental,incremental,0,0,0,0,5648290436573883999
clipped,barycentric_color,1,direct_edges,simd,0,0,0,0,5648290436573883999
clipped,barycentric_color,1,incremental,simd,0,0,0,0,5648290436573883999
clipped,texture,1,direct_edges,incremental,0,0,0,0,7774917807730930158
clipped,texture,1,incremental,incremental,0,0,0,0,7774917807730930158
clipped,texture,1,direct_edges,simd,0,0,0,0,7774917807730930158
clipped,texture,1,incremental,simd,0,0,0,0,7774917807730930158
large,constant,4,direct_edges,incremental,0,0,0,0,1128189898015594389
large,constant,4,incremental,incremental,0,0,0,0,1128189898015594389
large,constant,4,direct_edges,simd,0,0,0,0,1128189898015594389
large,constant,4,incremental,simd,0,0,0,0,1128189898015594389
large,barycentric_color,4,direct_edges,incremental,0,0,0,0,13492360444878004527
large,barycentric_color,4,incremental,incremental,0,0,0,0,13492360444878004527
large,barycentric_color,4,direct_edges,simd,0,0,0,0,13492360444878004527
large,barycentric_color,4,incremental,simd,0,0,0,0,13492360444878004527
large,texture,4,direct_edges,incremental,0,0,0,0,3254762866802735581
large,texture,4,incremental,incremental,0,0,0,0,3254762866802735581
large,texture,4,direct_edges,simd,0,0,0,0,3254762866802735581
large,texture,4,incremental,simd,0,0,0,0,3254762866802735581
tiny,constant,4,direct_edges,incremental,0,0,0,0,14557618959234153783
tiny,constant,4,incremental,incremental,0,0,0,0,14557618959234153783
tiny,constant,4,direct_edges,simd,0,0,0,0,14557618959234153783
tiny,constant,4,incremental,simd,0,0,0,0,14557618959234153783
tiny,barycentric_color,4,direct_edges,incremental,0,0,0,0,1179950824084413015
tiny,barycentric_color,4,incremental,incremental,0,0,0,0,1179950824084413015
tiny,barycentric_color,4,direct_edges,simd,0,0,0,0,1179950824084413015
tiny,barycentric_color,4,incremental,simd,0,0,0,0,1179950824084413015
tiny,texture,4,direct_edges,incremental,0,0,0,0,2738255303118994708
tiny,texture,4,incremental,incremental,0,0,0,0,2738255303118994708
tiny,texture,4,direct_edges,simd,0,0,0,0,2738255303118994708
tiny,texture,4,incremental,simd,0,0,0,0,2738255303118994708
thin,constant,4,direct_edges,incremental,0,0,0,0,9468072541519371686
thin,constant,4,incremental,incremental,0,0,0,0,9468072541519371686
thin,constant,4,direct_edges,simd,0,0,0,0,9468072541519371686
thin,constant,4,incremental,simd,0,0,0,0,9468072541519371686
thin,barycentric_color,4,direct_edges,incremental,0,0,0,0,10149495387210516244
thin,barycentric_color,4,incremental,incremental,0,0,0,0,10149495387210516244
thin,barycentric_color,4,direct_edges,simd,0,0,0,0,10149495387210516244
thin,barycentric_color,4,incremental,simd,0,0,0,0,10149495387210516244
thin,texture,4,direct_edges,incremental,0,0,0,0,66795262009004202
thin,texture,4,incremental,incremental,0,0,0,0,66795262009004202
thin,texture,4,direct_edges,simd,0,0,0,0,66795262009004202
thin,texture,4,incremental,simd,0,0,0,0,66795262009004202
clipped,constant,4,direct_edges,incremental,0,0,0,0,16477163170593578517
clipped,constant,4,incremental,incremental,0,0,0,0,16477163170593578517
clipped,constant,4,direct_edges,simd,0,0,0,0,16477163170593578517
clipped,constant,4,incremental,simd,0,0,0,0,16477163170593578517
clipped,barycentric_color,4,direct_edges,incremental,0,0,0,0,12415943033544800495
clipped,barycentric_color,4,incremental,incremental,0,0,0,0,12415943033544800495
clipped,barycentric_color,4,direct_edges,simd,0,0,0,0,12415943033544800495
clipped,barycentric_color,4,incremental,simd,0,0,0,0,12415943033544800495
clipped,texture,4,direct_edges,incremental,0,0,0,0,7640463830500028799
clipped,texture,4,incremental,incremental,0,0,0,0,7640463830500028799
clipped,texture,4,direct_edges,simd,0,0,0,0,7640463830500028799
clipped,texture,4,incremental,simd,0,0,0,0,7640463830500028799
large,constant,9,direct_edges,incremental,0,0,0,0,7255554084324275165
large,constant,9,incremental,incremental,0,0,0,0,7255554084324275165
large,constant,9,direct_edges,simd,0,0,0,0,7255554084324275165
large,constant,9,incremental,simd,0,0,0,0,7255554084324275165
large,barycentric_color,9,direct_edges,incremental,0,0,0,0,5474187616701304161
large,barycentric_color,9,incremental,incremental,0,0,0,0,5474187616701304161
large,barycentric_color,9,direct_edges,simd,0,0,0,0,5474187616701304161
large,barycentric_color,9,incremental,simd,0,0,0,0,5474187616701304161
large,texture,9,direct_edges,incremental,0,0,0,0,16427652778367053140
large,texture,9,incremental,incremental,0,0,0,0,16427652778367053140
large,texture,9,direct_edges,simd,0,0,0,0,16427652778367053140
large,texture,9,incremental,simd,0,0,0,0,16427652778367053140
tiny,constant,9,direct_edges,incremental,0,0,0,0,10146670953878714873
tiny,constant,9,incremental,incremental,0,0,0,0,10146670953878714873
tiny,constant,9,direct_edges,simd,0,0,0,0,10146670953878714873
tiny,constant,9,incremental,simd,0,0,0,0,10146670953878714873
tiny,barycentric_color,9,direct_edges,incremental,0,0,0,0,9259780394033361835
tiny,barycentric_color,9,incremental,incremental,0,0,0,0,9259780394033361835
tiny,barycentric_color,9,direct_edges,simd,0,0,0,0,9259780394033361835
tiny,barycentric_color,9,incremental,simd,0,0,0,0,9259780394033361835
tiny,texture,9,direct_edges,incremental,0,0,0,0,12796214153853974813
tiny,texture,9,incremental,incremental,0,0,0,0,12796214153853974813
tiny,texture,9,direct_edges,simd,0,0,0,0,12796214153853974813
tiny,texture,9,incremental,simd,0,0,0,0,12796214153853974813
thin,constant,9,direct_edges,incremental,0,0,0,0,1784468274536380780
thin,constant,9,incremental,incremental,0,0,0,0,1784468274536380780
thin,constant,9,direct_edges,simd,0,0,0,0,1784468274536380780
thin,constant,9,incremental,simd,0,0,0,0,1784468274536380780
thin,barycentric_color,9,direct_edges,incremental,0,0,0,0,3807854476141085550
thin,barycentric_color,9,incremental,incremental,0,0,0,0,3807854476141085550
thin,barycentric_color,9,direct_edges,simd,0,0,0,0,3807854476141085550
thin,barycentric_color,9,incremental,simd,0,0,0,0,3807854476141085550
thin,texture,9,direct_edges,incremental,0,0,0,0,11916529643751465079
thin,texture,9,incremental,incremental,0,0,0,0,11916529643751465079
thin,texture,9,direct_edges,simd,0,0,0,0,11916529643751465079
thin,texture,9,incremental,simd,0,0,0,0,11916529643751465079
clipped,constant,9,direct_edges,incremental,0,0,0,0,15324152018802703591
clipped,constant,9,incremental,incremental,0,0,0,0,15324152018802703591
clipped,constant,9,direct_edges,simd,0,0,0,0,15324152018802703591
clipped,constant,9,incremental,simd,0,0,0,0,15324152018802703591
clipped,barycentric_color,9,direct_edges,incremental,0,0,0,0,4989407345828015450
clipped,barycentric_color,9,incremental,incremental,0,0,0,0,4989407345828015450
clipped,barycentric_color,9,direct_edges,simd,0,0,0,0,4989407345828015450
clipped,barycentric_color,9,incremental,simd,0,0,0,0,4989407345828015450
clipped,texture,9,direct_edges,incremental,0,0,0,0,6452671926682698100
clipped,texture,9,incremental,incremental,0,0,0,0,6452671926682698100
clipped,texture,9,direct_edges,simd,0,0,0,0,6452671926682698100
clipped,texture,9,incremental,simd,0,0,0,0,6452671926682698100
large,constant,16,direct_edges,incremental,0,0,0,0,14746960826449265448
large,constant,16,incremental,incremental,0,0,0,0,14746960826449265448
large,constant,16,direct_edges,simd,0,0,0,0,14746960826449265448
large,constant,16,incremental,simd,0,0,0,0,14746960826449265448
large,barycentric_color,16,direct_edges,incremental,0,0,0,0,13463969189905266490
large,barycentric_color,16,incremental,incremental,0,0,0,0,13463969189905266490
large,barycentric_color,16,direct_edges,simd,0,0,0,0,13463969189905266490
large,barycentric_color,16,incremental,simd,0,0,0,0,13463969189905266490
large,texture,16,direct_edges,incremental,0,0,0,0,8541940020302482440
large,texture,16,incremental,incremental,0,0,0,0,8541940020302482440
large,texture,16,direct_edges,simd,0,0,0,0,8541940020302482440
large,texture,16,incremental,simd,0,0,0,0,8541940020302482440
tiny,constant,16,direct_edges,incremental,0,0,0,0,11208070672473419288
tiny,constant,16,incremental,incremental,0,0,0,0,11208070672473419288
tiny,constant,16,direct_edges,simd,0,0,0,0,11208070672473419288
tiny,constant,16,incremental,simd,0,0,0,0,11208070672473419288
tiny,barycentric_color,16,direct_edges,incremental,0,0,0,0,13236515520963067133
tiny,barycentric_color,16,incremental,incremental,0,0,0,0,13236515520963067133
tiny,barycentric_color,16,direct_edges,simd,0,0,0,0,13236515520963067133
tiny,barycentric_color,16,incremental,simd,0,0,0,0,13236515520963067133
tiny,texture,16,direct_edges,incremental,0,0,0,0,15180679928598218927
tiny,texture,16,incremental,incremental,0,0,0,0,15180679928598218927
tiny,texture,16,direct_edges,simd,0,0,0,0,15180679928598218927
tiny,texture,16,incremental,simd,0,0,0,0,15180679928598218927
thin,constant,16,direct_edges,incremental,0,0,0,0,14280779890554962872
thin,constant,16,incremental,incremental,0,0,0,0,14280779890554962872
thin,constant,16,direct_edges,simd,0,0,0,0,14280779890554962872
thin,constant,16,incremental,simd,0,0,0,0,14280779890554962872
thin,barycentric_color,16,direct_edges,incremental,0,0,0,0,9462825457039954265
thin,barycentric_color,16,incremental,incremental,0,0,0,0,9462825457039954265
thin,barycentric_color,16,direct_edges,simd,0,0,0,0,9462825457039954265
thin,barycentric_color,16,incremental,simd,0,0,0,0,9462825457039954265
thin,texture,16,direct_edges,incremental,0,0,0,0,12459735868350287259
thin,texture,16,incremental,incremental,0,0,0,0,12459735868350287259
thin,texture,16,direct_edges,simd,0,0,0,0,12459735868350287259
thin,texture,16,incremental,simd,0,0,0,0,12459735868350287259
clipped,constant,16,direct_edges,incremental,0,0,0,0,8700960317828194727
clipped,constant,16,incremental,incremental,0,0,0,0,8700960317828194727
clipped,constant,16,direct_edges,simd,0,0,0,0,8700960317828194727
clipped,constant,16,incremental,simd,0,0,0,0,8700960317828194727
clipped,barycentric_color,16,direct_edges,incremental,0,0,0,0,13340760429400824173
clipped,barycentric_color,16,incremental,incremental,0,0,0,0,13340760429400824173
clipped,barycentric_color,16,direct_edges,simd,0,0,0,0,13340760429400824173
clipped,barycentric_color,16,incremental,simd,0,0,0,0,13340760429400824173
clipped,texture,16,direct_edges,incremental,0,0,0,0,17232892763086308491
clipped,texture,16,incremental,incremental,0,0,0,0,17232892763086308491
clipped,texture,16,direct_edges,simd,0,0,0,0,17232892763086308491
clipped,texture,16,incremental,simd,0,0,0,0,17232892763086308491
