triangle,spp,method,expected_covered,actual_covered,wrong_samples
0,1,direct_edges,300,300,0
1,1,direct_edges,300,300,0
2,1,direct_edges,127,127,0
3,1,direct_edges,466,466,0
4,1,direct_edges,0,0,0
5,1,direct_edges,0,0,0
6,1,direct_edges,0,0,0
7,1,direct_edges,0,0,0
8,1,direct_edges,58,58,0
9,1,direct_edges,54,54,0
10,1,direct_edges,99,99,0
11,1,direct_edges,15,15,0
12,1,direct_edges,16,16,0
13,1,direct_edges,10,10,0
14,1,direct_edges,80,80,0
15,1,direct_edges,10,10,0
16,1,direct_edges,14,14,0
17,1,direct_edges,92,92,0
18,1,direct_edges,35,35,0
19,1,direct_edges,169,169,0
20,1,direct_edges,88,88,0
21,1,direct_edges,100,100,0
22,1,direct_edges,54,54,0
23,1,direct_edges,34,34,0
24,1,direct_edges,218,218,0
25,1,direct_edges,19,19,0
26,1,direct_edges,33,33,0
27,1,direct_edges,14,14,0
28,1,direct_edges,8,8,0
29,1,direct_edges,237,237,0
30,1,direct_edges,219,219,0
31,1,direct_edges,7,7,0
32,1,direct_edges,19,19,0
33,1,direct_edges,70,70,0
34,1,direct_edges,19,19,0
35,1,direct_edges,57,57,0
36,1,direct_edges,156,156,0
37,1,direct_edges,99,99,0
38,1,direct_edges,24,24,0
39,1,direct_edges,209,209,0
40,1,direct_edges,96,96,0
41,1,direct_edges,396,396,0
42,1,direct_edges,281,281,0
43,1,direct_edges,43,43,0
44,1,direct_edges,6,6,0
45,1,direct_edges,82,82,0
46,1,direct_edges,146,146,0
47,1,direct_edges,174,174,0
48,1,direct_edges,78,78,0
49,1,direct_edges,20,20,0
50,1,direct_edges,0,0,0
51,1,direct_edges,88,88,0
52,1,direct_edges,63,63,0
53,1,direct_edges,132,132,0
54,1,direct_edges,83,83,0
55,1,direct_edges,58,58,0
56,1,direct_edges,18,18,0
57,1,direct_edges,86,86,0
58,1,direct_edges,66,66,0
59,1,direct_edges,32,32,0
60,1,direct_edges,20,20,0
61,1,direct_edges,26,26,0
62,1,direct_edges,30,30,0
63,1,direct_edges,30,30,0
64,1,direct_edges,48,48,0
65,1,direct_edges,329,329,0
66,1,direct_edges,295,295,0
67,1,direct_edges,11,11,0
68,1,direct_edges,36,36,0
69,1,direct_edges,231,231,0
70,1,direct_edges,138,138,0
71,1,direct_edges,111,111,0
0,1,incremental,300,300,0
1,1,incremental,300,300,0
2,1,incremental,127,127,0
3,1,incremental,466,466,0
4,1,incremental,0,0,0
5,1,incremental,0,0,0
6,1,incremental,0,0,0
7,1,incremental,0,0,0
8,1,incremental,58,58,0
9,1,incremental,54,54,0
10,1,incremental,99,99,0
11,1,incremental,15,15,0
12,1,incremental,16,16,0
13,1,incremental,10,10,0
14,1,incremental,80,80,0
15,1,incremental,10,10,0
16,1,incremental,14,14,0
17,1,incremental,92,92,0
18,1,incremental,35,35,0
19,1,incremental,169,169,0
20,1,incremental,88,88,0
21,1,incremental,100,100,0
22,1,incremental,54,54,0
23,1,incremental,34,34,0
24,1,incremental,218,218,0
25,1,incremental,19,19,0
26,1,incremental,33,33,0
27,1,incremental,14,14,0
28,1,incremental,8,8,0
29,1,incremental,237,237,0
30,1,incremental,219,219,0
31,1,incremental,7,7,0
32,1,incremental,19,19,0
33,1,incremental,70,70,0
34,1,incremental,19,19,0
35,1,incremental,57,57,0
36,1,incremental,156,156,0
37,1,incremental,99,99,0
38,1,incremental,24,24,0
39,1,incremental,209,209,0
40,1,incremental,96,96,0
41,1,incremental,396,396,0
42,1,incremental,281,281,0
43,1,incremental,43,43,0
44,1,incremental,6,6,0
45,1,incremental,82,82,0
46,1,incremental,146,146,0
47,1,incremental,174,174,0
48,1,incremental,78,78,0
49,1,incremental,20,20,0
50,1,incremental,0,0,0
51,1,incremental,88,88,0
52,1,incremental,63,63,0
53,1,incremental,132,132,0
54,1,incremental,83,83,0
55,1,incremental,58,58,0
56,1,incremental,18,18,0
57,1,incremental,86,86,0
58,1,incremental,66,66,0
59,1,incremental,32,32,0
60,1,incremental,20,20,0
61,1,incremental,26,26,0
62,1,incremental,30,30,0
63,1,incremental,30,30,0
64,1,incremental,48,48,0
65,1,incremental,329,329,0
66,1,incremental,295,295,0
67,1,incremental,11,11,0
68,1,incremental,36,36,0
69,1,incremental,231,231,0
70,1,incremental,138,138,0
71,1,incremental,111,111,0
0,1,simd,300,300,0
1,1,simd,300,300,0
2,1,simd,127,127,0
3,1,simd,466,466,0
4,1,simd,0,0,0
5,1,simd,0,0,0
6,1,simd,0,0,0
7,1,simd,0,0,0
8,1,simd,58,58,0
9,1,simd,54,54,0
10,1,simd,99,99,0
11,1,simd,15,15,0
12,1,simd,16,16,0
13,1,simd,10,10,0
14,1,simd,80,80,0
15,1,simd,10,10,0
16,1,simd,14,14,0
17,1,simd,92,92,0
18,1,simd,35,35,0
19,1,simd,169,169,0
20,1,simd,88,88,0
21,1,simd,100,100,0
22,1,simd,54,54,0
23,1,simd,34,34,0
24,1,simd,218,218,0
25,1,simd,19,19,0
26,1,simd,33,33,0
27,1,simd,14,14,0
28,1,simd,8,8,0
29,1,simd,237,237,0
30,1,simd,219,219,0
31,1,simd,7,7,0
32,1,simd,19,19,0
33,1,simd,70,70,0
34,1,simd,19,19,0
35,1,simd,57,57,0
36,1,simd,156,156,0
37,1,simd,99,99,0
38,1,simd,24,24,0
39,1,simd,209,209,0
40,1,simd,96,96,0
41,1,simd,396,396,0
42,1,simd,281,281,0
43,1,simd,43,43,0
44,1,simd,6,6,0
45,1,simd,82,82,0
46,1,simd,146,146,0
47,1,simd,174,174,0
48,1,simd,78,78,0
49,1,simd,20,20,0
50,1,simd,0,0,0
51,1,simd,88,88,0
52,1,simd,63,63,0
53,1,simd,132,132,0
54,1,simd,83,83,0
55,1,simd,58,58,0
56,1,simd,18,18,0
57,1,simd,86,86,0
58,1,simd,66,66,0
59,1,simd,32,32,0
60,1,simd,20,20,0
61,1,simd,26,26,0
62,1,simd,30,30,0
63,1,simd,30,30,0
64,1,simd,48,48,0
65,1,simd,329,329,0
66,1,simd,295,295,0
67,1,simd,11,11,0
68,1,simd,36,36,0
69,1,simd,231,231,0
70,1,simd,138,138,0
71,1,simd,111,111,0
0,4,direct_edges,1176,1176,0
1,4,direct_edges,1081,1081,0
2,4,direct_edges,456,456,0
3,4,direct_edges,1861,1861,0
4,4,direct_edges,0,0,0
5,4,direct_edges,0,0,0
6,4,direct_edges,0,0,0
7,4,direct_edges,0,0,0
8,4,direct_edges,231,231,0
9,4,direct_edges,218,218,0
10,4,direct_edges,385,385,0
11,4,direct_edges,57,57,0
12,4,direct_edges,68,68,0
13,4,direct_edges,40,40,0
14,4,direct_edges,321,321,0
15,4,direct_edges,40,40,0
16,4,direct_edges,39,39,0
17,4,direct_edges,365,365,0
18,4,direct_edges,125,125,0
19,4,direct_edges,676,676,0
20,4,direct_edges,356,356,0
21,4,direct_edges,348,348,0
22,4,direct_edges,206,206,0
23,4,direct_edges,138,138,0
24,4,direct_edges,875,875,0
25,4,direct_edges,75,75,0
26,4,direct_edges,133,133,0
27,4,direct_edges,54,54,0
28,4,direct_edges,33,33,0
29,4,direct_edges,945,945,0
30,4,direct_edges,874,874,0
31,4,direct_edges,29,29,0
32,4,direct_edges,79,79,0
33,4,direct_edges,284,284,0
34,4,direct_edges,71,71,0
35,4,direct_edges,223,223,0
36,4,direct_edges,625,625,0
37,4,direct_edges,384,384,0
38,4,direct_edges,91,91,0
39,4,direct_edges,835,835,0
40,4,direct_edges,386,386,0
41,4,direct_edges,1584,1584,0
42,4,direct_edges,1119,1119,0
43,4,direct_edges,170,170,0
44,4,direct_edges,23,23,0
45,4,direct_edges,332,332,0
46,4,direct_edges,581,581,0
47,4,direct_edges,692,692,0
48,4,direct_edges,304,304,0
49,4,direct_edges,81,81,0
50,4,direct_edges,0,0,0
51,4,direct_edges,351,351,0
52,4,direct_edges,253,253,0
53,4,direct_edges,538,538,0
54,4,direct_edges,347,347,0
55,4,direct_edges,218,218,0
56,4,direct_edges,72,72,0
57,4,direct_edges,337,337,0
58,4,direct_edges,267,267,0
59,4,direct_edges,134,134,0
60,4,direct_edges,77,77,0
61,4,direct_edges,101,101,0
62,4,direct_edges,114,114,0
63,4,direct_edges,137,137,0
64,4,direct_edges,194,194,0
65,4,direct_edges,1303,1303,0
66,4,direct_edges,1178,1178,0
67,4,direct_edges,46,46,0
68,4,direct_edges,147,147,0
69,4,direct_edges,925,925,0
70,4,direct_edges,544,544,0
71,4,direct_edges,440,440,0
0,4,incremental,1176,1176,0
1,4,incremental,1081,1081,0
2,4,incremental,456,456,0
3,4,incremental,1861,1861,0
4,4,incremental,0,0,0
5,4,incremental,0,0,0
6,4,incremental,0,0,0
7,4,incremental,0,0,0
8,4,incremental,231,231,0
9,4,incremental,218,218,0
10,4,incremental,385,385,0
11,4,incremental,57,57,0
12,4,incremental,68,68,0
13,4,incremental,40,40,0
14,4,incremental,321,321,0
15,4,incremental,40,40,0
16,4,incremental,39,39,0
17,4,incremental,365,365,0
18,4,incremental,125,125,0
19,4,incremental,676,676,0
20,4,incremental,356,356,0
21,4,incremental,348,348,0
22,4,incremental,206,206,0
23,4,incremental,138,138,0
24,4,incremental,875,875,0
25,4,incremental,75,75,0
26,4,incremental,133,133,0
27,4,incremental,54,54,0
28,4,incremental,33,33,0
29,4,incremental,945,945,0
30,4,incremental,874,874,0
31,4,incremental,29,29,0
32,4,incremental,79,79,0
33,4,incremental,284,284,0
34,4,incremental,71,71,0
35,4,incremental,223,223,0
36,4,incremental,625,625,0
37,4,incremental,384,384,0
38,4,incremental,91,91,0
39,4,incremental,835,835,0
40,4,incremental,386,386,0
41,4,incremental,1584,1584,0
42,4,incremental,1119,1119,0
43,4,incremental,170,170,0
44,4,incremental,23,23,0
45,4,incremental,332,332,0
46,4,incremental,581,581,0
47,4,incremental,692,692,0
48,4,incremental,304,304,0
49,4,incremental,81,81,0
50,4,incremental,0,0,0
51,4,incremental,351,351,0
52,4,incremental,253,253,0
53,4,incremental,538,538,0
54,4,incremental,347,347,0
55,4,incremental,218,218,0
56,4,incremental,72,72,0
57,4,incremental,337,337,0
58,4,incremental,267,267,0
59,4,incremental,134,134,0
60,4,incremental,77,77,0
61,4,incremental,101,101,0
62,4,incremental,114,114,0
63,4,incremental,137,137,0
64,4,incremental,194,194,0
65,4,incremental,1303,1303,0
66,4,incremental,1178,1178,0
67,4,incremental,46,46,0
68,4,incremental,147,147,0
69,4,incremental,925,925,0
70,4,incremental,544,544,0
71,4,incremental,440,440,0
0,4,simd,1176,1176,0
1,4,simd,1081,1081,0
2,4,simd,456,456,0
3,4,simd,1861,1861,0
4,4,simd,0,0,0
5,4,simd,0,0,0
6,4,simd,0,0,0
7,4,simd,0,0,0
8,4,simd,231,231,0
9,4,simd,218,218,0
10,4,simd,385,385,0
11,4,simd,57,57,0
12,4,simd,68,68,0
13,4,simd,40,40,0
14,4,simd,321,321,0
15,4,simd,40,40,0
16,4,simd,39,39,0
17,4,simd,365,365,0
18,4,simd,125,125,0
19,4,simd,676,676,0
20,4,simd,356,356,0
21,4,simd,348,348,0
22,4,simd,206,206,0
23,4,simd,138,138,0
24,4,simd,875,875,0
25,4,simd,75,75,0
26,4,simd,133,133,0
27,4,simd,54,54,0
28,4,simd,33,33,0
29,4,simd,945,945,0
30,4,simd,874,874,0
31,4,simd,29,29,0
32,4,simd,79,79,0
33,4,simd,284,284,0
34,4,simd,71,71,0
35,4,simd,223,223,0
36,4,simd,625,625,0
37,4,simd,384,384,0
38,4,simd,91,91,0
39,4,simd,835,835,0
40,4,simd,386,386,0
41,4,simd,1584,1584,0
42,4,simd,1119,1119,0
43,4,simd,170,170,0
44,4,simd,23,23,0
45,4,simd,332,332,0
46,4,simd,581,581,0
47,4,simd,692,692,0
48,4,simd,304,304,0
49,4,simd,81,81,0
50,4,simd,0,0,0
51,4,simd,351,351,0
52,4,simd,253,253,0
53,4,simd,538,538,0
54,4,simd,347,347,0
55,4,simd,218,218,0
56,4,simd,72,72,0
57,4,simd,337,337,0
58,4,simd,267,267,0
59,4,simd,134,134,0
60,4,simd,77,77,0
61,4,simd,101,101,0
62,4,simd,114,114,0
63,4,simd,137,137,0
64,4,simd,194,194,0
65,4,simd,1303,1303,0
66,4,simd,1178,1178,0
67,4,simd,46,46,0
68,4,simd,147,147,0
69,4,simd,925,925,0
70,4,simd,544,544,0
71,4,simd,440,440,0
0,9,direct_edges,2628,2628,0
1,9,direct_edges,2485,2485,0
2,9,direct_edges,1063,1063,0
3,9,direct_edges,4188,4188,0
4,9,direct_edges,0,0,0
5,9,direct_edges,0,0,0
6,9,direct_edges,0,0,0
7,9,direct_edges,0,0,0
8,9,direct_edges,519,519,0
9,9,direct_edges,490,490,0
10,9,direct_edges,872,872,0
11,9,direct_edges,124,124,0
12,9,direct_edges,148,148,0
13,9,direct_edges,95,95,0
14,9,direct_edges,722,722,0
15,9,direct_edges,90,90,0
16,9,direct_edges,98,98,0
17,9,direct_edges,825,825,0
18,9,direct_edges,302,302,0
19,9,direct_edges,1519,1519,0
20,9,direct_edges,802,802,0
21,9,direct_edges,817,817,0
22,9,direct_edges,456,456,0
23,9,direct_edges,307,307,0
24,9,direct_edges,1972,1972,0
25,9,direct_edges,172,172,0
26,9,direct_edges,301,301,0
27,9,direct_edges,123,123,0
28,9,direct_edges,72,72,0
29,9,direct_edges,2127,2127,0
30,9,direct_edges,1960,1960,0
31,9,direct_edges,62,62,0
32,9,direct_edges,177,177,0
33,9,direct_edges,639,639,0
34,9,direct_edges,161,161,0
35,9,direct_edges,503,503,0
36,9,direct_edges,1403,1403,0
37,9,direct_edges,874,874,0
38,9,direct_edges,202,202,0
39,9,direct_edges,1882,1882,0
40,9,direct_edges,863,863,0
41,9,direct_edges,3564,3564,0
42,9,direct_edges,2518,2518,0
43,9,direct_edges,382,382,0
44,9,direct_edges,54,54,0
45,9,direct_edges,740,740,0
46,9,direct_edges,1306,1306,0
47,9,direct_edges,1554,1554,0
48,9,direct_edges,684,684,0
49,9,direct_edges,177,177,0
50,9,direct_edges,0,0,0
51,9,direct_edges,787,787,0
52,9,direct_edges,570,570,0
53,9,direct_edges,1206,1206,0
54,9,direct_edges,766,766,0
55,9,direct_edges,500,500,0
56,9,direct_edges,144,144,0
57,9,direct_edges,758,758,0
58,9,direct_edges,599,599,0
59,9,direct_edges,290,290,0
60,9,direct_edges,177,177,0
61,9,direct_edges,228,228,0
62,9,direct_edges,262,262,0
63,9,direct_edges,295,295,0
64,9,direct_edges,437,437,0
65,9,direct_edges,2931,2931,0
66,9,direct_edges,2657,2657,0
67,9,direct_edges,106,106,0
68,9,direct_edges,327,327,0
69,9,direct_edges,2077,2077,0
70,9,direct_edges,1231,1231,0
71,9,direct_edges,986,986,0
0,9,incremental,2628,2628,0
1,9,incremental,2485,2485,0
2,9,incremental,1063,1063,0
3,9,incremental,4188,4188,0
4,9,incremental,0,0,0
5,9,incremental,0,0,0
6,9,incremental,0,0,0
7,9,incremental,0,0,0
8,9,incremental,519,519,0
9,9,incremental,490,490,0
10,9,incremental,872,872,0
11,9,incremental,124,124,0
12,9,incremental,148,148,0
13,9,incremental,95,95,0
14,9,incremental,722,722,0
15,9,incremental,90,90,0
16,9,incremental,98,98,0
17,9,incremental,825,825,0
18,9,incremental,302,302,0
19,9,incremental,1519,1519,0
20,9,incremental,802,802,0
21,9,incremental,817,817,0
22,9,incremental,456,456,0
23,9,incremental,307,307,0
24,9,incremental,1972,1972,0
25,9,incremental,172,172,0
26,9,incremental,301,301,0
27,9,incremental,123,123,0
28,9,incremental,72,72,0
29,9,incremental,2127,2127,0
30,9,incremental,1960,1960,0
31,9,incremental,62,62,0
32,9,incremental,177,177,0
33,9,incremental,639,639,0
34,9,incremental,161,161,0
35,9,incremental,503,503,0
36,9,incremental,1403,1403,0
37,9,incremental,874,874,0
38,9,incremental,202,202,0
39,9,incremental,1882,1882,0
40,9,incremental,863,863,0
41,9,incremental,3564,3564,0
42,9,incremental,2518,2518,0
43,9,incremental,382,382,0
44,9,incremental,54,54,0
45,9,incremental,740,740,0
46,9,incremental,1306,1306,0
47,9,incremental,1554,1554,0
48,9,incremental,684,684,0
49,9,incremental,177,177,0
50,9,incremental,0,0,0
51,9,incremental,787,787,0
52,9,incremental,570,570,0
53,9,incremental,1206,1206,0
54,9,incremental,766,766,0
55,9,incremental,500,500,0
56,9,incremental,144,144,0
57,9,incremental,758,758,0
58,9,incremental,599,599,0
59,9,incremental,290,290,0
60,9,incremental,177,177,0
61,9,incremental,228,228,0
62,9,incremental,262,262,0
63,9,incremental,295,295,0
64,9,incremental,437,437,0
65,9,incremental,2931,2931,0
66,9,incremental,2657,2657,0
67,9,incremental,106,106,0
68,9,incremental,327,327,0
69,9,incremental,2077,2077,0
70,9,incremental,1231,1231,0
71,9,incremental,986,986,0
0,9,simd,2628,2628,0
1,9,simd,2485,2485,0
2,9,simd,1063,1063,0
3,9,simd,4188,4188,0
4,9,simd,0,0,0
5,9,simd,0,0,0
6,9,simd,0,0,0
7,9,simd,0,0,0
8,9,simd,519,519,0
9,9,simd,490,490,0
10,9,simd,872,872,0
11,9,simd,124,124,0
12,9,simd,148,148,0
13,9,simd,95,95,0
14,9,simd,722,722,0
15,9,simd,90,90,0
16,9,simd,98,98,0
17,9,simd,825,825,0
18,9,simd,302,302,0
19,9,simd,1519,1519,0
20,9,simd,802,802,0
21,9,simd,817,817,0
22,9,simd,456,456,0
23,9,simd,307,307,0
24,9,simd,1972,1972,0
25,9,simd,172,172,0
26,9,simd,301,301,0
27,9,simd,123,123,0
28,9,simd,72,72,0
29,9,simd,2127,2127,0
30,9,simd,1960,1960,0
31,9,simd,62,62,0
32,9,simd,177,177,0
33,9,simd,639,639,0
34,9,simd,161,161,0
35,9,simd,503,503,0
36,9,simd,1403,1403,0
37,9,simd,874,874,0
38,9,simd,202,202,0
39,9,simd,1882,1882,0
40,9,simd,863,863,0
41,9,simd,3564,3564,0
42,9,simd,2518,2518,0
43,9,simd,382,382,0
44,9,simd,54,54,0
45,9,simd,740,740,0
46,9,simd,1306,1306,0
47,9,simd,1554,1554,0
48,9,simd,684,684,0
49,9,simd,177,177,0
50,9,simd,0,0,0
51,9,simd,787,787,0
52,9,simd,570,570,0
53,9,simd,1206,1206,0
54,9,simd,766,766,0
55,9,simd,500,500,0
56,9,simd,144,144,0
57,9,simd,758,758,0
58,9,simd,599,599,0
59,9,simd,290,290,0
60,9,simd,177,177,0
61,9,simd,228,228,0
62,9,simd,262,262,0
63,9,simd,295,295,0
64,9,simd,437,437,0
65,9,simd,2931,2931,0
66,9,simd,2657,2657,0
67,9,simd,106,106,0
68,9,simd,327,327,0
69,9,simd,2077,2077,0
70,9,simd,1231,1231,0
71,9,simd,986,986,0
0,16,direct_edges,4656,4656,0
1,16,direct_edges,4278,4278,0
2,16,direct_edges,1824,1824,0
3,16,direct_edges,7443,7443,0
4,16,direct_edges,0,0,0
5,16,direct_edges,0,0,0
6,16,direct_edges,0,0,0
7,16,direct_edges,0,0,0
8,16,direct_edges,923,923,0
9,16,direct_edges,874,874,0
10,16,direct_edges,1543,1543,0
11,16,direct_edges,223,223,0
12,16,direct_edges,264,264,0
13,16,direct_edges,171,171,0
14,16,direct_edges,1282,1282,0
15,16,direct_edges,159,159,0
16,16,direct_edges,168,168,0
17,16,direct_edges,1465,1465,0
18,16,direct_edges,530,530,0
19,16,direct_edges,2692,2692,0
20,16,direct_edges,1425,1425,0
21,16,direct_edges,1435,1435,0
22,16,direct_edges,840,840,0
23,16,direct_edges,546,546,0
24,16,direct_edges,3504,3504,0
25,16,direct_edges,307,307,0
26,16,direct_edges,537,537,0
27,16,direct_edges,216,216,0
28,16,direct_edges,127,127,0
29,16,direct_edges,3781,3781,0
30,16,direct_edges,3487,3487,0
31,16,direct_edges,111,111,0
32,16,direct_edges,314,314,0
33,16,direct_edges,1138,1138,0
34,16,direct_edges,284,284,0
35,16,direct_edges,896,896,0
36,16,direct_edges,2495,2495,0
37,16,direct_edges,1552,1552,0
38,16,direct_edges,358,358,0
39,16,direct_edges,3346,3346,0
40,16,direct_edges,1536,1536,0
41,16,direct_edges,6336,6336,0
42,16,direct_edges,4474,4474,0
43,16,direct_edges,681,681,0
44,16,direct_edges,95,95,0
45,16,direct_edges,1325,1325,0
46,16,direct_edges,2323,2323,0
47,16,direct_edges,2759,2759,0
48,16,direct_edges,1213,1213,0
49,16,direct_edges,310,310,0
50,16,direct_edges,0,0,0
51,16,direct_edges,1399,1399,0
52,16,direct_edges,1008,1008,0
53,16,direct_edges,2147,2147,0
54,16,direct_edges,1357,1357,0
55,16,direct_edges,886,886,0
56,16,direct_edges,264,264,0
57,16,direct_edges,1345,1345,0
58,16,direct_edges,1067,1067,0
59,16,direct_edges,520,520,0
60,16,direct_edges,315,315,0
61,16,direct_edges,404,404,0
62,16,direct_edges,463,463,0
63,16,direct_edges,527,527,0
64,16,direct_edges,778,778,0
65,16,direct_edges,5212,5212,0
66,16,direct_edges,4719,4719,0
67,16,direct_edges,189,189,0
68,16,direct_edges,582,582,0
69,16,direct_edges,3696,3696,0
70,16,direct_edges,2180,2180,0
71,16,direct_edges,1751,1751,0
0,16,incremental,4656,4656,0
1,16,incremental,4278,4278,0
2,16,incremental,1824,1824,0
3,16,incremental,7443,7443,0
4,16,incremental,0,0,0
5,16,incremental,0,0,0
6,16,incremental,0,0,0
7,16,incremental,0,0,0
8,16,incremental,923,923,0
9,16,incremental,874,874,0
10,16,incremental,1543,1543,0
11,16,incremental,223,223,0
12,16,incremental,264,264,0
13,16,incremental,171,171,0
14,16,incremental,1282,1282,0
15,16,incremental,159,159,0
16,16,incremental,168,168,0
17,16,incremental,1465,1465,0
18,16,incremental,530,530,0
19,16,incremental,2692,2692,0
20,16,incremental,1425,1425,0
21,16,incremental,1435,1435,0
22,16,incremental,840,840,0
23,16,incremental,546,546,0
24,16,incremental,3504,3504,0
25,16,incremental,307,307,0
26,16,incremental,537,537,0
27,16,incremental,216,216,0
28,16,incremental,127,127,0
29,16,incremental,3781,3781,0
30,16,incremental,3487,3487,0
31,16,incremental,111,111,0
32,16,incremental,314,314,0
33,16,incremental,1138,1138,0
34,16,incremental,284,284,0
35,16,incremental,896,896,0
36,16,incremental,2495,2495,0
37,16,incremental,1552,1552,0
38,16,incremental,358,358,0
39,16,incremental,3346,3346,0
40,16,incremental,1536,1536,0
41,16,incremental,6336,6336,0
42,16,incremental,4474,4474,0
43,16,incremental,681,681,0
44,16,incremental,95,95,0
45,16,incremental,1325,1325,0
46,16,incremental,2323,2323,0
47,16,incremental,2759,2759,0
48,16,incremental,1213,1213,0
49,16,incremental,310,310,0
50,16,incremental,0,0,0
51,16,incremental,1399,1399,0
52,16,incremental,1008,1008,0
53,16,incremental,2147,2147,0
54,16,incremental,1357,1357,0
55,16,incremental,886,886,0
56,16,incremental,264,264,0
57,16,incremental,1345,1345,0
58,16,incremental,1067,1067,0
59,16,incremental,520,520,0
60,16,incremental,315,315,0
61,16,incremental,404,404,0
62,16,incremental,463,463,0
63,16,incremental,527,527,0
64,16,incremental,778,778,0
65,16,incremental,5212,5212,0
66,16,incremental,4719,4719,0
67,16,incremental,189,189,0
68,16,incremental,582,582,0
69,16,incremental,3696,3696,0
70,16,incremental,2180,2180,0
71,16,incremental,1751,1751,0
0,16,simd,4656,4656,0
1,16,simd,4278,4278,0
2,16,simd,1824,1824,0
3,16,simd,7443,7443,0
4,16,simd,0,0,0
5,16,simd,0,0,0
6,16,simd,0,0,0
7,16,simd,0,0,0
8,16,simd,923,923,0
9,16,simd,874,874,0
10,16,simd,1543,1543,0
11,16,simd,223,223,0
12,16,simd,264,264,0
13,16,simd,171,171,0
14,16,simd,1282,1282,0
15,16,simd,159,159,0
16,16,simd,168,168,0
17,16,simd,1465,1465,0
18,16,simd,530,530,0
19,16,simd,2692,2692,0
20,16,simd,1425,1425,0
21,16,simd,1435,1435,0
22,16,simd,840,840,0
23,16,simd,546,546,0
24,16,simd,3504,3504,0
25,16,simd,307,307,0
26,16,simd,537,537,0
27,16,simd,216,216,0
28,16,simd,127,127,0
29,16,simd,3781,3781,0
30,16,simd,3487,3487,0
31,16,simd,111,111,0
32,16,simd,314,314,0
33,16,simd,1138,1138,0
34,16,simd,284,284,0
35,16,simd,896,896,0
36,16,simd,2495,2495,0
37,16,simd,1552,1552,0
38,16,simd,358,358,0
39,16,simd,3346,3346,0
40,16,simd,1536,1536,0
41,16,simd,6336,6336,0
42,16,simd,4474,4474,0
43,16,simd,681,681,0
44,16,simd,95,95,0
45,16,simd,1325,1325,0
46,16,simd,2323,2323,0
47,16,simd,2759,2759,0
48,16,simd,1213,1213,0
49,16,simd,310,310,0
50,16,simd,0,0,0
51,16,simd,1399,1399,0
52,16,simd,1008,1008,0
53,16,simd,2147,2147,0
54,16,simd,1357,1357,0
55,16,simd,886,886,0
56,16,simd,264,264,0
57,16,simd,1345,1345,0
58,16,simd,1067,1067,0
59,16,simd,520,520,0
60,16,simd,315,315,0
61,16,simd,404,404,0
62,16,simd,463,463,0
63,16,simd,527,527,0
64,16,simd,778,778,0
65,16,simd,5212,5212,0
66,16,simd,4719,4719,0
67,16,simd,189,189,0
68,16,simd,582,582,0
69,16,simd,3696,3696,0
70,16,simd,2180,2180,0
71,16,simd,1751,1751,0
