case,width,spp,method,backend,repetitions,min_ms,p10_ms,median_ms,p90_ms,max_ms,speedup_vs_direct,speedup_vs_incremental
large,512,1,direct_edges,scalar,11,5.5962,5.6001,5.7067,6.185,6.5982,1,1.1157061
large,512,1,incremental,scalar,11,6.2036,6.2162,6.367,7.2208,7.6203,0.8962933878,1
large,512,1,simd,AVX 4-wide double,11,3.6379,3.6659,3.7079,3.8753,5.0276,1.539065239,1.717144475
tiny,512,1,direct_edges,scalar,11,0.0297,0.0332,0.042,0.0454,0.0454,1,0.9666666667
tiny,512,1,incremental,scalar,11,0.0315,0.0332,0.0406,0.0481,0.0497,1.034482759,1
tiny,512,1,simd,AVX 4-wide double,11,0.0389,0.0392,0.0498,0.0661,0.1443,0.843373494,0.8152610442
thin,512,1,direct_edges,scalar,11,8.0599,8.1677,9.7232,10.3747,12.1335,1,1.102455982
thin,512,1,incremental,scalar,11,9.0528,9.1159,10.7194,11.1284,11.1386,0.907065694,1
thin,512,1,simd,AVX 4-wide double,11,4.239,4.3207,5.077,5.8084,6.0772,1.91514674,2.111364979
clipped,512,1,direct_edges,scalar,11,9.5737,9.6123,9.7943,11.2647,14.3467,1,1.08107777
clipped,512,1,incremental,scalar,11,9.9619,10.2422,10.5884,11.7091,14.8302,0.9250028333,1
clipped,512,1,simd,AVX 4-wide double,11,6.1558,6.2136,6.341,7.6459,11.0128,1.544598644,1.669831257
large,512,4,direct_edges,scalar,11,17.2384,17.3231,18.453,21.1407,21.8934,1,0.9038963854
large,512,4,incremental,scalar,11,15.8821,16.0284,16.6796,18.8084,19.4388,1.106321495,1
large,512,4,simd,AVX 4-wide double,11,8.9607,8.9828,9.5443,10.9095,11.2825,1.933405279,1.747598043
tiny,512,4,direct_edges,scalar,11,0.0773,0.0813,0.09,0.0926,0.1266,1,1.088888889
tiny,512,4,incremental,scalar,11,0.0841,0.0865,0.098,0.1007,0.1152,0.9183673469,1
tiny,512,4,simd,AVX 4-wide double,11,0.0853,0.0905,0.0982,0.1013,0.1129,0.916496945,0.9979633401
thin,512,4,direct_edges,scalar,11,25.2858,25.3751,25.7896,28.5894,31.3841,1,0.9795654062
thin,512,4,incremental,scalar,11,23.5255,23.6783,25.2626,27.1051,28.5974,1.020860877,1
thin,512,4,simd,AVX 4-wide double,11,9.8901,9.9081,10.356,11.2425,11.7869,2.490305137,2.439416763
clipped,512,4,direct_edges,scalar,11,30.5026,30.556,31.0914,37.3708,37.9201,1,0.9407553214
clipped,512,4,incremental,scalar,11,27.1339,27.3065,29.2494,34.7422,37.4093,1.062975651,1
clipped,512,4,simd,AVX 4-wide double,11,16.2463,16.3473,18.0192,20.8904,22.1242,1.72545951,1.623235216
large,512,16,direct_edges,scalar,11,65.6526,67.0453,68.6315,75.3195,79.3035,1,0.8928873768
large,512,16,incremental,scalar,11,56.4537,56.6911,61.2802,68.4524,82.4564,1.119962076,1
large,512,16,simd,AVX 4-wide double,11,29.6111,30.0319,32.6987,41.166,62.7183,2.098906073,1.874086737
tiny,512,16,direct_edges,scalar,11,0.2236,0.2321,0.2591,0.3888,0.8842,1,1.087610961
tiny,512,16,incremental,scalar,11,0.2256,0.2299,0.2818,0.3167,0.3513,0.9194464159,1
tiny,512,16,simd,AVX 4-wide double,11,0.2155,0.2213,0.2838,0.3203,0.3452,0.9129668781,0.9929527837
thin,512,16,direct_edges,scalar,11,90.9985,91.356,96.9455,101.1567,101.7701,1,0.946838172
thin,512,16,incremental,scalar,11,85.4373,85.4821,91.7917,96.1873,125.7261,1.056146689,1
thin,512,16,simd,AVX 4-wide double,11,27.3338,27.4168,28.548,30.4907,31.3256,3.395877119,3.215346084
clipped,512,16,direct_edges,scalar,11,110.4991,112.6525,115.3028,127.6029,134.3666,1,0.9572568923
clipped,512,16,incremental,scalar,11,100.5826,101.3053,110.3744,121.1895,122.2863,1.044651658,1
clipped,512,16,simd,AVX 4-wide double,11,54.2958,55.0186,55.1719,55.6514,64.8806,2.089882712,2.00055463
